5,-0.5,0.2,3,0.001066,0.000238,45.654762
5,-0.495,0.2,3,0.030966,0.000021,45.625496
5,-0.49,0.2,3,0.060497,-0.000093,45.555923
5,-0.485,0.2,3,0.089692,-0.000164,45.473564
5,-0.48,0.2,3,0.118577,-0.000229,45.400497
5,-0.475,0.2,3,0.147176,-0.000303,45.350605
5,-0.47,0.2,3,0.175504,-0.000393,45.328667
5,-0.465,0.2,3,0.203566,-0.000497,45.331017
5,-0.46,0.2,3,0.23136,-0.000612,45.347282
5,-0.455,0.2,3,0.258877,-0.000732,45.362671
5,-0.45,0.2,3,0.286104,-0.000853,45.360191
5,-0.445,0.2,3,0.313026,-0.000969,45.322712
5,-0.44,0.2,3,0.339629,-0.001078,45.234318
5,-0.435,0.2,3,0.365899,-0.001178,45.081406
5,-0.43,0.2,3,0.39183,-0.001269,44.853161
5,-0.425,0.2,3,0.417418,-0.00135,44.541679
5,-0.42,0.2,3,0.44267,-0.001422,44.14175
5,-0.415,0.2,3,0.467594,-0.001483,43.65078
5,-0.41,0.2,3,0.492202,-0.001534,43.068291
5,-0.405,0.2,3,0.516507,-0.001574,42.395973
5,-0.4,0.2,3,0.540519,-0.001601,41.637314
5,-0.395,0.2,3,0.564248,-0.001615,40.797882
5,-0.39,0.2,3,0.587695,-0.001615,39.885262
5,-0.385,0.2,3,0.610862,-0.0016,38.909195
5,-0.38,0.2,3,0.633745,-0.001571,37.881393
5,-0.375,0.2,3,0.656341,-0.001528,36.815243
5,-0.37,0.2,3,0.678647,-0.001473,35.725464
5,-0.365,0.2,3,0.700661,-0.001407,34.627224
5,-0.36,0.2,3,0.722385,-0.001334,33.535778
5,-0.355,0.2,3,0.74382,-0.001255,32.465881
5,-0.35,0.2,3,0.764967,-0.001174,31.431377
5,-0.345,0.2,3,0.785829,-0.001094,30.445122
5,-0.34,0.2,3,0.806402,-0.001019,29.518726
5,-0.335,0.2,3,0.826682,-0.00095,28.662369
5,-0.33,0.2,3,0.846671,-0.000891,27.884514
5,-0.325,0.2,3,0.86637,-0.000841,27.191761
5,-0.32,0.2,3,0.885779,-0.000799,26.588375
5,-0.315,0.2,3,0.904894,-0.000764,26.076111
5,-0.31,0.2,3,0.923712,-0.000732,25.654167
5,-0.305,0.2,3,0.942229,-0.000703,25.318958
5,-0.3,0.2,3,0.960445,-0.000675,25.06469
5,-0.295,0.2,3,0.97836,-0.00065,24.883682
5,-0.29,0.2,3,0.995973,-0.000628,24.767204
5,-0.285,0.2,3,1.013282,-0.000609,24.705856
5,-0.28,0.2,3,1.030289,-0.000594,24.689987
5,-0.275,0.2,3,1.046991,-0.000582,24.70993
5,-0.27,0.2,3,1.063391,-0.000571,24.755974
5,-0.265,0.2,3,1.079487,-0.00056,24.818584
5,-0.26,0.2,3,1.09528,-0.00055,24.888783
5,-0.255,0.2,3,1.110766,-0.00054,24.958645
5,-0.25,0.2,3,1.125946,-0.00053,25.022125
5,-0.245,0.2,3,1.14082,-0.000522,25.075256
5,-0.24,0.2,3,1.155386,-0.000515,25.116528
5,-0.235,0.2,3,1.169647,-0.000511,25.146576
5,-0.23,0.2,3,1.183605,-0.00051,25.16753
5,-0.225,0.2,3,1.197263,-0.000513,25.182281
5,-0.22,0.2,3,1.210621,-0.000518,25.193295
5,-0.215,0.2,3,1.223683,-0.000527,25.20224
5,-0.21,0.2,3,1.236449,-0.000537,25.209568
5,-0.205,0.2,3,1.248921,-0.00055,25.214798
5,-0.2,0.2,3,1.261096,-0.000564,25.217091
5,-0.195,0.2,3,1.272975,-0.000579,25.215549
5,-0.19,0.2,3,1.284555,-0.000595,25.209641
5,-0.185,0.2,3,1.295836,-0.000611,25.199032
5,-0.18,0.2,3,1.306814,-0.000626,25.18354
5,-0.175,0.2,3,1.317486,-0.000642,25.163052
5,-0.17,0.2,3,1.327851,-0.000656,25.137661
5,-0.165,0.2,3,1.337906,-0.000669,25.107677
5,-0.16,0.2,3,1.347651,-0.000681,25.074284
5,-0.155,0.2,3,1.357081,-0.00069,25.039223
5,-0.15,0.2,3,1.366199,-0.000696,25.005024
5,-0.145,0.2,3,1.375006,-0.0007,24.974354
5,-0.14,0.2,3,1.383503,-0.0007,24.949593
5,-0.135,0.2,3,1.391693,-0.000697,24.932137
5,-0.13,0.2,3,1.399577,-0.00069,24.922367
5,-0.125,0.2,3,1.407161,-0.00068,24.919605
5,-0.12,0.2,3,1.414443,-0.000665,24.922409
5,-0.115,0.2,3,1.421427,-0.000647,24.92905
5,-0.11,0.2,3,1.428113,-0.000624,24.937885
5,-0.105,0.2,3,1.434503,-0.000597,24.947815
5,-0.1,0.2,3,1.440594,-0.000565,24.958233
5,-0.095,0.2,3,1.446389,-0.000531,24.969139
5,-0.09,0.2,3,1.451886,-0.000492,24.980701
5,-0.085,0.2,3,1.457085,-0.00045,24.993073
5,-0.08,0.2,3,1.461985,-0.000405,25.00618
5,-0.075,0.2,3,1.466586,-0.000358,25.019234
5,-0.07,0.2,3,1.470889,-0.000308,25.031181
5,-0.065,0.2,3,1.474894,-0.000256,25.04047
5,-0.06,0.2,3,1.4786,-0.000203,25.045639
5,-0.055,0.2,3,1.482008,-0.000148,25.045506
5,-0.05,0.2,3,1.485118,-0.000093,25.039661
5,-0.045,0.2,3,1.487927,-0.000037,25.028339
5,-0.04,0.2,3,1.490438,0.000019,25.01265
5,-0.035,0.2,3,1.492649,0.000074,24.994144
5,-0.03,0.2,3,1.49456,0.000128,24.97467
5,-0.025,0.2,3,1.496169,0.00018,24.95591
5,-0.02,0.2,3,1.497478,0.000231,24.939461
5,-0.015,0.2,3,1.498486,0.000278,24.926491
5,-0.01,0.2,3,1.499193,0.000323,24.917942
5,-0.005,0.2,3,1.499601,0.000365,24.914494
5,0,0.2,3,1.499704,0.000403,24.916706
5,0.005,0.2,3,1.499511,0.000438,24.924992
5,0.01,0.2,3,1.499017,0.000469,24.93927
5,0.015,0.2,3,1.498223,0.000497,24.95911
5,0.02,0.2,3,1.497129,0.000522,24.983303
5,0.025,0.2,3,1.495736,0.000545,25.010212
5,0.03,0.2,3,1.494042,0.000565,25.037891
5,0.035,0.2,3,1.492048,0.000584,25.064667
5,0.04,0.2,3,1.489753,0.000602,25.089226
5,0.045,0.2,3,1.487157,0.000619,25.111153
5,0.05,0.2,3,1.484259,0.000635,25.130745
5,0.055,0.2,3,1.481059,0.00065,25.148697
5,0.06,0.2,3,1.477556,0.000665,25.165733
5,0.065,0.2,3,1.473752,0.00068,25.182354
5,0.07,0.2,3,1.469646,0.000695,25.198364
5,0.075,0.2,3,1.465238,0.000709,25.212975
5,0.08,0.2,3,1.460531,0.000724,25.224792
5,0.085,0.2,3,1.455524,0.000738,25.232197
5,0.09,0.2,3,1.450217,0.000751,25.233612
5,0.095,0.2,3,1.444611,0.000764,25.227894
5,0.1,0.2,3,1.438707,0.000776,25.214558
5,0.105,0.2,3,1.432504,0.000788,25.193813
5,0.11,0.2,3,1.426002,0.000798,25.166489
5,0.115,0.2,3,1.419204,0.000806,25.133659
5,0.12,0.2,3,1.412108,0.000813,25.096478
5,0.125,0.2,3,1.404712,0.000817,25.055832
5,0.13,0.2,3,1.397018,0.000819,25.012661
5,0.135,0.2,3,1.389027,0.000818,24.968002
5,0.14,0.2,3,1.380736,0.000815,24.923225
5,0.145,0.2,3,1.372145,0.000809,24.880325
5,0.15,0.2,3,1.363257,0.0008,24.841511
5,0.155,0.2,3,1.354067,0.000789,24.809254
5,0.16,0.2,3,1.34458,0.000776,24.785595
5,0.165,0.2,3,1.334793,0.00076,24.772026
5,0.17,0.2,3,1.324707,0.000743,24.76899
5,0.175,0.2,3,1.314321,0.000724,24.775898
5,0.18,0.2,3,1.303637,0.000704,24.791229
5,0.185,0.2,3,1.292654,0.000683,24.812756
5,0.19,0.2,3,1.281375,0.000661,24.837822
5,0.195,0.2,3,1.269796,0.000639,24.863464
5,0.2,0.2,3,1.257921,0.000616,24.886921
5,0.205,0.2,3,1.245747,0.000593,24.905788
5,0.21,0.2,3,1.233275,0.00057,24.918133
5,0.215,0.2,3,1.220504,0.000546,24.922569
5,0.22,0.2,3,1.207432,0.000522,24.918251
5,0.225,0.2,3,1.194062,0.000498,24.90469
5,0.23,0.2,3,1.18039,0.000473,24.881416
5,0.235,0.2,3,1.166418,0.000447,24.847931
5,0.24,0.2,3,1.152147,0.00042,24.803589
5,0.245,0.2,3,1.137576,0.000393,24.747471
5,0.25,0.2,3,1.12271,0.000366,24.678902
5,0.255,0.2,3,1.107545,0.000339,24.597691
5,0.26,0.2,3,1.092085,0.000311,24.504608
5,0.265,0.2,3,1.076333,0.000285,24.401802
5,0.27,0.2,3,1.060285,0.00026,24.29285
5,0.275,0.2,3,1.043944,0.000237,24.182602
5,0.28,0.2,3,1.027309,0.000216,24.076771
5,0.285,0.2,3,1.010379,0.000197,23.981312
5,0.29,0.2,3,0.993152,0.000182,23.901966
5,0.295,0.2,3,0.975626,0.00017,23.843662
5,0.3,0.2,3,0.957802,0.000161,23.810547
5,0.305,0.2,3,0.939676,0.000156,23.805714
5,0.31,0.2,3,0.921249,0.000154,23.831532
5,0.315,0.2,3,0.902519,0.000156,23.889755
5,0.32,0.2,3,0.883488,0.00016,23.98164
5,0.325,0.2,3,0.864154,0.000168,24.107922
5,0.33,0.2,3,0.844518,0.000178,24.269157
5,0.335,0.2,3,0.824584,0.000191,24.465637
5,0.34,0.2,3,0.804351,0.000205,24.697693
5,0.345,0.2,3,0.783821,0.000221,24.965786
5,0.35,0.2,3,0.762999,0.000237,25.270466
5,0.355,0.2,3,0.741885,0.000252,25.612621
5,0.36,0.2,3,0.72048,0.000266,25.992672
5,0.365,0.2,3,0.698786,0.000278,26.410496
5,0.37,0.2,3,0.676802,0.000287,26.864704
5,0.375,0.2,3,0.654528,0.000293,27.352428
5,0.38,0.2,3,0.63196,0.000294,27.869095
5,0.385,0.2,3,0.609099,0.000291,28.40871
5,0.39,0.2,3,0.585941,0.000284,28.964245
5,0.395,0.2,3,0.562488,0.000272,29.528339
5,0.4,0.2,3,0.538739,0.000256,30.09383
5,0.405,0.2,3,0.514694,0.000238,30.654373
5,0.41,0.2,3,0.490354,0.000216,31.204559
5,0.415,0.2,3,0.465719,0.000191,31.739975
5,0.42,0.2,3,0.440788,0.000165,32.256775
5,0.425,0.2,3,0.415558,0.000136,32.751888
5,0.43,0.2,3,0.390025,0.000104,33.222313
5,0.435,0.2,3,0.364181,0.00007,33.665565
5,0.44,0.2,3,0.33802,0.000034,34.079468
5,0.445,0.2,3,0.311536,-0.000006,34.462231
5,0.45,0.2,3,0.284727,-0.00005,34.812798
5,0.455,0.2,3,0.257591,-0.000096,35.130722
5,0.46,0.2,3,0.230136,-0.000145,35.416092
5,0.465,0.2,3,0.202373,-0.000194,35.669479
5,0.47,0.2,3,0.174314,-0.000239,35.891655
5,0.475,0.2,3,0.145976,-0.000277,36.083126
5,0.48,0.2,3,0.117367,-0.000304,36.243763
5,0.485,0.2,3,0.088489,-0.000315,36.372601
5,0.49,0.2,3,0.059332,-0.00031,36.467758
5,0.495,0.2,3,0.029876,-0.000293,36.526756
5,0.5,0.2,3,0.000101,-0.000277,36.547173
5,-0.5,0.3,2,0.000828,-0.000313,46.556393
5,-0.495,0.3,2,0.031034,-0.000519,46.558647
5,-0.49,0.3,2,0.060921,-0.000602,46.565609
5,-0.485,0.3,2,0.090443,-0.000629,46.578377
5,-0.48,0.3,2,0.119603,-0.000637,46.596889
5,-0.475,0.3,2,0.148417,-0.000644,46.619476
5,-0.47,0.3,2,0.176902,-0.000656,46.643024
5,-0.465,0.3,2,0.205069,-0.000672,46.662594
5,-0.46,0.3,2,0.232923,-0.000692,46.671947
5,-0.455,0.3,2,0.260469,-0.000714,46.663288
5,-0.45,0.3,2,0.287715,-0.000734,46.627609
5,-0.445,0.3,2,0.314664,-0.000753,46.554516
5,-0.44,0.3,2,0.341323,-0.000769,46.432472
5,-0.435,0.3,2,0.367695,-0.000782,46.249088
5,-0.43,0.3,2,0.393783,-0.00079,45.99173
5,-0.425,0.3,2,0.419585,-0.000795,45.648132
5,-0.42,0.3,2,0.445098,-0.000797,45.207722
5,-0.415,0.3,2,0.470315,-0.000796,44.662395
5,-0.41,0.3,2,0.495229,-0.000793,44.007549
5,-0.405,0.3,2,0.519833,-0.000789,43.24268
5,-0.4,0.3,2,0.544119,-0.000785,42.371307
5,-0.395,0.3,2,0.568083,-0.000782,41.401123
5,-0.39,0.3,2,0.591724,-0.000782,40.343464
5,-0.385,0.3,2,0.615045,-0.000783,39.212898
5,-0.38,0.3,2,0.63805,-0.000786,38.026814
5,-0.375,0.3,2,0.660747,-0.000791,36.80463
5,-0.37,0.3,2,0.683143,-0.000795,35.567265
5,-0.365,0.3,2,0.705242,-0.000798,34.336182
5,-0.36,0.3,2,0.727052,-0.000798,33.132294
5,-0.355,0.3,2,0.748573,-0.000794,31.97506
5,-0.35,0.3,2,0.769806,-0.000783,30.881432
5,-0.345,0.3,2,0.790749,-0.000767,29.865273
5,-0.34,0.3,2,0.811401,-0.000744,28.936882
5,-0.335,0.3,2,0.83176,-0.000716,28.103466
5,-0.33,0.3,2,0.851824,-0.000683,27.368977
5,-0.325,0.3,2,0.871592,-0.000647,26.734962
5,-0.32,0.3,2,0.891062,-0.000609,26.200668
5,-0.315,0.3,2,0.910236,-0.000572,25.763607
5,-0.31,0.3,2,0.92911,-0.000536,25.419109
5,-0.305,0.3,2,0.947682,-0.000502,25.160809
5,-0.3,0.3,2,0.965951,-0.000472,24.980392
5,-0.295,0.3,2,0.983913,-0.000444,24.867928
5,-0.29,0.3,2,1.00157,-0.00042,24.812218
5,-0.285,0.3,2,1.018919,-0.000398,24.801708
5,-0.28,0.3,2,1.035965,-0.000378,24.824894
5,-0.275,0.3,2,1.052708,-0.000359,24.871319
5,-0.27,0.3,2,1.06915,-0.000342,24.931801
5,-0.265,0.3,2,1.085292,-0.000324,24.998787
5,-0.26,0.3,2,1.101138,-0.000305,25.066299
5,-0.255,0.3,2,1.116683,-0.000287,25.129898
5,-0.25,0.3,2,1.13193,-0.000269,25.186386
5,-0.245,0.3,2,1.146872,-0.000252,25.233913
5,-0.24,0.3,2,1.16151,-0.000238,25.27145
5,-0.235,0.3,2,1.175844,-0.000227,25.298733
5,-0.23,0.3,2,1.18987,-0.00022,25.31588
5,-0.225,0.3,2,1.203591,-0.000215,25.322956
5,-0.22,0.3,2,1.21701,-0.000213,25.319942
5,-0.215,0.3,2,1.230132,-0.000212,25.306992
5,-0.21,0.3,2,1.242958,-0.000211,25.284344
5,-0.205,0.3,2,1.255491,-0.000209,25.252728
5,-0.2,0.3,2,1.267725,-0.000205,25.213688
5,-0.195,0.3,2,1.279661,-0.000199,25.169533
5,-0.19,0.3,2,1.291292,-0.000191,25.123249
5,-0.185,0.3,2,1.302619,-0.000181,25.07795
5,-0.18,0.3,2,1.313639,-0.00017,25.036739
5,-0.175,0.3,2,1.324351,-0.000159,25.001766
5,-0.17,0.3,2,1.334757,-0.000148,24.974079
5,-0.165,0.3,2,1.344857,-0.000137,24.953407
5,-0.16,0.3,2,1.354651,-0.000127,24.938301
5,-0.155,0.3,2,1.36414,-0.000117,24.926834
5,-0.15,0.3,2,1.373326,-0.000107,24.917175
5,-0.145,0.3,2,1.382208,-0.000097,24.908291
5,-0.14,0.3,2,1.390786,-0.000086,24.900311
5,-0.135,0.3,2,1.399064,-0.000074,24.894527
5,-0.13,0.3,2,1.407041,-0.000061,24.892651
5,-0.125,0.3,2,1.414717,-0.000046,24.896427
5,-0.12,0.3,2,1.422089,-0.00003,24.906906
5,-0.115,0.3,2,1.42916,-0.000013,24.923958
5,-0.11,0.3,2,1.435927,0.000006,24.945961
5,-0.105,0.3,2,1.442388,0.000026,24.970566
5,-0.1,0.3,2,1.448543,0.000047,24.994854
5,-0.095,0.3,2,1.454392,0.000068,25.016281
5,-0.09,0.3,2,1.459933,0.00009,25.03294
5,-0.085,0.3,2,1.465167,0.000113,25.044044
5,-0.08,0.3,2,1.470097,0.000136,25.049591
5,-0.075,0.3,2,1.474723,0.000159,25.050274
5,-0.07,0.3,2,1.479046,0.000181,25.046898
5,-0.065,0.3,2,1.483068,0.000204,25.040417
5,-0.06,0.3,2,1.486787,0.000227,25.031628
5,-0.055,0.3,2,1.490206,0.000249,25.021114
5,-0.05,0.3,2,1.493325,0.000271,25.009541
5,-0.045,0.3,2,1.496143,0.000293,24.997498
5,-0.04,0.3,2,1.498659,0.000315,24.985428
5,-0.035,0.3,2,1.500873,0.000336,24.973694
5,-0.03,0.3,2,1.502787,0.000357,24.962402
5,-0.025,0.3,2,1.504396,0.000377,24.951767
5,-0.02,0.3,2,1.505706,0.000397,24.941868
5,-0.015,0.3,2,1.506712,0.000417,24.933418
5,-0.01,0.3,2,1.507416,0.000436,24.927418
5,-0.005,0.3,2,1.507818,0.000455,24.925552
5,0,0.3,2,1.507918,0.000474,24.929382
5,0.005,0.3,2,1.507716,0.000492,24.940292
5,0.01,0.3,2,1.507212,0.00051,24.958599
5,0.015,0.3,2,1.506408,0.000528,24.983437
5,0.02,0.3,2,1.505304,0.000545,25.013035
5,0.025,0.3,2,1.503898,0.000562,25.044678
5,0.03,0.3,2,1.502192,0.000578,25.075642
5,0.035,0.3,2,1.500188,0.000593,25.103546
5,0.04,0.3,2,1.497882,0.000609,25.126717
5,0.045,0.3,2,1.495277,0.000623,25.144295
5,0.05,0.3,2,1.492369,0.000637,25.156242
5,0.055,0.3,2,1.489161,0.00065,25.162998
5,0.06,0.3,2,1.48565,0.000662,25.165112
5,0.065,0.3,2,1.481837,0.000674,25.163113
5,0.07,0.3,2,1.477721,0.000684,25.157333
5,0.075,0.3,2,1.473301,0.000694,25.148159
5,0.08,0.3,2,1.46858,0.000703,25.136051
5,0.085,0.3,2,1.463554,0.000711,25.121822
5,0.09,0.3,2,1.458225,0.000717,25.106552
5,0.095,0.3,2,1.452596,0.000723,25.091293
5,0.1,0.3,2,1.446664,0.000727,25.077011
5,0.105,0.3,2,1.440432,0.00073,25.064259
5,0.11,0.3,2,1.433899,0.000732,25.053169
5,0.115,0.3,2,1.427067,0.000732,25.043625
5,0.12,0.3,2,1.419936,0.000732,25.03521
5,0.125,0.3,2,1.412503,0.00073,25.027554
5,0.13,0.3,2,1.40477,0.000727,25.020416
5,0.135,0.3,2,1.396735,0.000723,25.01355
5,0.14,0.3,2,1.388399,0.000718,25.006641
5,0.145,0.3,2,1.379762,0.000712,24.999214
5,0.15,0.3,2,1.370823,0.000706,24.990524
5,0.155,0.3,2,1.36158,0.000698,24.979691
5,0.16,0.3,2,1.352037,0.00069,24.965927
5,0.165,0.3,2,1.342191,0.000682,24.948799
5,0.17,0.3,2,1.332045,0.000674,24.928757
5,0.175,0.3,2,1.321597,0.000666,24.906864
5,0.18,0.3,2,1.310852,0.000658,24.884785
5,0.185,0.3,2,1.299808,0.000652,24.864475
5,0.19,0.3,2,1.288468,0.000645,24.847809
5,0.195,0.3,2,1.276833,0.00064,24.835945
5,0.2,0.3,2,1.264902,0.000636,24.829182
5,0.205,0.3,2,1.252678,0.000632,24.826931
5,0.21,0.3,2,1.240161,0.000629,24.827854
5,0.215,0.3,2,1.22735,0.000626,24.829983
5,0.22,0.3,2,1.214245,0.000623,24.831089
5,0.225,0.3,2,1.200846,0.000619,24.828651
5,0.23,0.3,2,1.187153,0.000615,24.820202
5,0.235,0.3,2,1.17316,0.000609,24.803413
5,0.24,0.3,2,1.15887,0.000601,24.776314
5,0.245,0.3,2,1.144279,0.000592,24.737595
5,0.25,0.3,2,1.129385,0.000579,24.686802
5,0.255,0.3,2,1.114189,0.000565,24.624443
5,0.26,0.3,2,1.09869,0.000547,24.551876
5,0.265,0.3,2,1.082888,0.000528,24.471661
5,0.27,0.3,2,1.066782,0.000505,24.386909
5,0.275,0.3,2,1.050377,0.00048,24.301468
5,0.28,0.3,2,1.033672,0.000453,24.21946
5,0.285,0.3,2,1.016671,0.000424,24.14526
5,0.29,0.3,2,0.999373,0.000393,24.083111
5,0.295,0.3,2,0.981779,0.000361,24.03677
5,0.3,0.3,2,0.963892,0.000328,24.009441
5,0.305,0.3,2,0.945708,0.000294,24.003532
5,0.31,0.3,2,0.927228,0.00026,24.020924
5,0.315,0.3,2,0.908447,0.000226,24.062996
5,0.32,0.3,2,0.889364,0.000193,24.130943
5,0.325,0.3,2,0.869976,0.00016,24.225925
5,0.33,0.3,2,0.850281,0.000129,24.349167
5,0.335,0.3,2,0.830276,0.000098,24.502144
5,0.34,0.3,2,0.809962,0.000068,24.686165
5,0.345,0.3,2,0.789341,0.000038,24.902737
5,0.35,0.3,2,0.768415,0.000009,25.15292
5,0.355,0.3,2,0.747188,-0.000022,25.437553
5,0.36,0.3,2,0.725667,-0.000054,25.756924
5,0.365,0.3,2,0.703856,-0.000087,26.110538
5,0.37,0.3,2,0.681759,-0.000122,26.496964
5,0.375,0.3,2,0.65938,-0.00016,26.914154
5,0.38,0.3,2,0.636716,-0.000199,27.359203
5,0.385,0.3,2,0.613768,-0.000241,27.82859
5,0.39,0.3,2,0.590528,-0.000285,28.318363
5,0.395,0.3,2,0.566992,-0.000329,28.824039
5,0.4,0.3,2,0.543153,-0.000375,29.340725
5,0.405,0.3,2,0.519005,-0.000421,29.863201
5,0.41,0.3,2,0.494541,-0.000465,30.385738
5,0.415,0.3,2,0.469757,-0.000509,30.902569
5,0.42,0.3,2,0.444652,-0.00055,31.407997
5,0.425,0.3,2,0.419226,-0.00059,31.897274
5,0.43,0.3,2,0.393478,-0.000627,32.366619
5,0.435,0.3,2,0.367409,-0.000662,32.813442
5,0.44,0.3,2,0.341022,-0.000695,33.236244
5,0.445,0.3,2,0.314322,-0.000727,33.634144
5,0.45,0.3,2,0.287311,-0.000756,34.006245
5,0.455,0.3,2,0.259993,-0.000783,34.351173
5,0.46,0.3,2,0.232373,-0.000804,34.666794
5,0.465,0.3,2,0.204451,-0.000818,34.950172
5,0.47,0.3,2,0.176226,-0.00082,35.19812
5,0.475,0.3,2,0.14769,-0.000805,35.407673
5,0.48,0.3,2,0.118832,-0.00077,35.576992
5,0.485,0.3,2,0.089639,-0.000713,35.705383
5,0.49,0.3,2,0.060107,-0.000635,35.793751
5,0.495,0.3,2,0.030248,-0.000549,35.844433
5,0.5,0.3,2,0.000107,-0.000481,35.860687
5,-0.5,0.4,1.5,-0.000431,0.000582,44.411057
5,-0.495,0.4,1.5,0.029304,0.000394,44.402981
5,-0.49,0.4,1.5,0.05866,0.000326,44.385643
5,-0.485,0.4,1.5,0.087694,0.000314,44.368568
5,-0.48,0.4,1.5,0.11646,0.000323,44.357426
5,-0.475,0.4,1.5,0.144976,0.000336,44.353813
5,-0.47,0.4,1.5,0.173237,0.000342,44.35556
5,-0.465,0.4,1.5,0.201222,0.000339,44.357048
5,-0.46,0.4,1.5,0.228913,0.000324,44.350056
5,-0.455,0.4,1.5,0.2563,0.000297,44.324203
5,-0.45,0.4,1.5,0.283379,0.000259,44.267685
5,-0.445,0.4,1.5,0.310152,0.000213,44.167866
5,-0.44,0.4,1.5,0.336622,0.00016,44.011818
5,-0.435,0.4,1.5,0.362794,0.000103,43.786903
5,-0.43,0.4,1.5,0.38867,0.000042,43.481598
5,-0.425,0.4,1.5,0.414251,-0.000019,43.086033
5,-0.42,0.4,1.5,0.439539,-0.000081,42.592861
5,-0.415,0.4,1.5,0.464533,-0.000142,41.998016
5,-0.41,0.4,1.5,0.489236,-0.000201,41.301163
5,-0.405,0.4,1.5,0.513647,-0.000259,40.506077
5,-0.4,0.4,1.5,0.537766,-0.000316,39.620621
5,-0.395,0.4,1.5,0.561592,-0.000371,38.656445
5,-0.39,0.4,1.5,0.585124,-0.000426,37.628414
5,-0.385,0.4,1.5,0.60836,-0.000481,36.553761
5,-0.38,0.4,1.5,0.631298,-0.000536,35.451042
5,-0.375,0.4,1.5,0.653936,-0.00059,34.339283
5,-0.37,0.4,1.5,0.676269,-0.000645,33.236958
5,-0.365,0.4,1.5,0.698299,-0.000699,32.161327
5,-0.36,0.4,1.5,0.720022,-0.000751,31.127773
5,-0.355,0.4,1.5,0.741438,-0.0008,30.149773
5,-0.35,0.4,1.5,0.762545,-0.000847,29.23872
5,-0.345,0.4,1.5,0.783344,-0.000888,28.404247
5,-0.34,0.4,1.5,0.803838,-0.000925,27.653996
5,-0.335,0.4,1.5,0.824027,-0.000955,26.993652
5,-0.33,0.4,1.5,0.843917,-0.00098,26.426655
5,-0.325,0.4,1.5,0.863513,-0.000997,25.953613
5,-0.32,0.4,1.5,0.882816,-0.001008,25.571987
5,-0.315,0.4,1.5,0.901832,-0.001013,25.276253
5,-0.31,0.4,1.5,0.920561,-0.001012,25.058075
5,-0.305,0.4,1.5,0.939007,-0.001006,24.907032
5,-0.3,0.4,1.5,0.957169,-0.000995,24.811901
5,-0.295,0.4,1.5,0.975043,-0.000981,24.761341
5,-0.29,0.4,1.5,0.992628,-0.000965,24.744991
5,-0.285,0.4,1.5,1.00992,-0.000946,24.75407
5,-0.28,0.4,1.5,1.026912,-0.000927,24.78141
5,-0.275,0.4,1.5,1.043605,-0.000906,24.821613
5,-0.27,0.4,1.5,1.059993,-0.000884,24.870491
5,-0.265,0.4,1.5,1.076078,-0.00086,24.924698
5,-0.26,0.4,1.5,1.091861,-0.000833,24.981312
5,-0.255,0.4,1.5,1.107342,-0.000804,25.037296
5,-0.25,0.4,1.5,1.122525,-0.00077,25.08942
5,-0.245,0.4,1.5,1.137411,-0.000734,25.134537
5,-0.24,0.4,1.5,1.152003,-0.000694,25.169765
5,-0.235,0.4,1.5,1.166302,-0.000652,25.193169
5,-0.23,0.4,1.5,1.180307,-0.000608,25.204159
5,-0.225,0.4,1.5,1.194016,-0.000563,25.203857
5,-0.22,0.4,1.5,1.20743,-0.000516,25.194729
5,-0.215,0.4,1.5,1.220547,-0.000468,25.179962
5,-0.21,0.4,1.5,1.233363,-0.000418,25.162876
5,-0.205,0.4,1.5,1.24588,-0.000367,25.145985
5,-0.2,0.4,1.5,1.258095,-0.000314,25.130749
5,-0.195,0.4,1.5,1.270008,-0.00026,25.117363
5,-0.19,0.4,1.5,1.281618,-0.000205,25.105129
5,-0.185,0.4,1.5,1.292928,-0.000149,25.092957
5,-0.18,0.4,1.5,1.303935,-0.000093,25.079758
5,-0.175,0.4,1.5,1.314644,-0.000037,25.064949
5,-0.17,0.4,1.5,1.325056,0.00002,25.048668
5,-0.165,0.4,1.5,1.335171,0.000076,25.031593
5,-0.16,0.4,1.5,1.344993,0.000132,25.014778
5,-0.155,0.4,1.5,1.354518,0.000187,24.999062
5,-0.15,0.4,1.5,1.363748,0.000241,24.985252
5,-0.145,0.4,1.5,1.372678,0.000292,24.973324
5,-0.14,0.4,1.5,1.381304,0.000342,24.962929
5,-0.135,0.4,1.5,1.389625,0.000389,24.953335
5,-0.13,0.4,1.5,1.397638,0.000436,24.943691
5,-0.125,0.4,1.5,1.405343,0.000484,24.933498
5,-0.12,0.4,1.5,1.412739,0.000535,24.922539
5,-0.115,0.4,1.5,1.419829,0.000591,24.911251
5,-0.11,0.4,1.5,1.426616,0.000654,24.900524
5,-0.105,0.4,1.5,1.433098,0.000722,24.89159
5,-0.1,0.4,1.5,1.439277,0.000791,24.885773
5,-0.095,0.4,1.5,1.445153,0.00086,24.884254
5,-0.09,0.4,1.5,1.45073,0.000927,24.887703
5,-0.085,0.4,1.5,1.45601,0.000992,24.896301
5,-0.08,0.4,1.5,1.460993,0.001055,24.9095
5,-0.075,0.4,1.5,1.46568,0.001119,24.926266
5,-0.07,0.4,1.5,1.470069,0.001182,24.945232
5,-0.065,0.4,1.5,1.474158,0.001246,24.964657
5,-0.06,0.4,1.5,1.477946,0.001309,24.98288
5,-0.055,0.4,1.5,1.48143,0.001371,24.998444
5,-0.05,0.4,1.5,1.484613,0.001431,25.010307
5,-0.045,0.4,1.5,1.487494,0.001489,25.018021
5,-0.04,0.4,1.5,1.490073,0.001542,25.021801
5,-0.035,0.4,1.5,1.49235,0.001592,25.022507
5,-0.03,0.4,1.5,1.494325,0.001638,25.021477
5,-0.025,0.4,1.5,1.496,0.001679,25.020302
5,-0.02,0.4,1.5,1.497373,0.001716,25.02034
5,-0.015,0.4,1.5,1.498444,0.00175,25.022591
5,-0.01,0.4,1.5,1.499213,0.00178,25.027473
5,-0.005,0.4,1.5,1.499678,0.001808,25.034714
5,0,0.4,1.5,1.499843,0.001832,25.043808
5,0.005,0.4,1.5,1.499702,0.001854,25.053879
5,0.01,0.4,1.5,1.499259,0.001875,25.064167
5,0.015,0.4,1.5,1.498512,0.001893,25.074078
5,0.02,0.4,1.5,1.49746,0.001909,25.083214
5,0.025,0.4,1.5,1.4961,0.001923,25.091446
5,0.03,0.4,1.5,1.494433,0.001935,25.098797
5,0.035,0.4,1.5,1.492458,0.001947,25.105701
5,0.04,0.4,1.5,1.490174,0.001959,25.11235
5,0.045,0.4,1.5,1.487584,0.001971,25.118999
5,0.05,0.4,1.5,1.484683,0.001983,25.125439
5,0.055,0.4,1.5,1.481477,0.001997,25.131287
5,0.06,0.4,1.5,1.477964,0.002012,25.135796
5,0.065,0.4,1.5,1.474146,0.002028,25.138367
5,0.07,0.4,1.5,1.470027,0.002046,25.138645
5,0.075,0.4,1.5,1.465604,0.002065,25.136429
5,0.08,0.4,1.5,1.460879,0.002085,25.131531
5,0.085,0.4,1.5,1.455854,0.002106,25.123981
5,0.09,0.4,1.5,1.450528,0.002129,25.113403
5,0.095,0.4,1.5,1.444902,0.002153,25.099754
5,0.1,0.4,1.5,1.438977,0.002179,25.083122
5,0.105,0.4,1.5,1.432751,0.002206,25.064129
5,0.11,0.4,1.5,1.426227,0.002236,25.043819
5,0.115,0.4,1.5,1.419403,0.002267,25.023739
5,0.12,0.4,1.5,1.412279,0.002299,25.005424
5,0.125,0.4,1.5,1.404858,0.002333,24.990246
5,0.13,0.4,1.5,1.397137,0.002368,24.978699
5,0.135,0.4,1.5,1.389119,0.002403,24.97039
5,0.14,0.4,1.5,1.380801,0.002437,24.963837
5,0.145,0.4,1.5,1.372186,0.002471,24.957108
5,0.15,0.4,1.5,1.363277,0.002504,24.94846
5,0.155,0.4,1.5,1.354068,0.002535,24.936882
5,0.16,0.4,1.5,1.344567,0.002564,24.92276
5,0.165,0.4,1.5,1.334769,0.002592,24.907368
5,0.17,0.4,1.5,1.324675,0.002617,24.892792
5,0.175,0.4,1.5,1.314287,0.002641,24.880924
5,0.18,0.4,1.5,1.303605,0.002663,24.873039
5,0.185,0.4,1.5,1.292628,0.002684,24.869606
5,0.19,0.4,1.5,1.281354,0.002702,24.870384
5,0.195,0.4,1.5,1.269785,0.00272,24.874668
5,0.2,0.4,1.5,1.25792,0.002735,24.881618
5,0.205,0.4,1.5,1.245758,0.00275,24.890263
5,0.21,0.4,1.5,1.233298,0.002764,24.899479
5,0.215,0.4,1.5,1.220542,0.002776,24.908005
5,0.22,0.4,1.5,1.207485,0.002787,24.914528
5,0.225,0.4,1.5,1.194132,0.002797,24.917645
5,0.23,0.4,1.5,1.18048,0.002806,24.916008
5,0.235,0.4,1.5,1.166529,0.002814,24.908512
5,0.24,0.4,1.5,1.152281,0.00282,24.893845
5,0.245,0.4,1.5,1.137735,0.002824,24.870872
5,0.25,0.4,1.5,1.122892,0.002827,24.838154
5,0.255,0.4,1.5,1.107752,0.002827,24.794621
5,0.26,0.4,1.5,1.092316,0.002825,24.73951
5,0.265,0.4,1.5,1.076582,0.00282,24.673347
5,0.27,0.4,1.5,1.060551,0.002813,24.598
5,0.275,0.4,1.5,1.044224,0.002802,24.516922
5,0.28,0.4,1.5,1.027598,0.002788,24.434456
5,0.285,0.4,1.5,1.010675,0.002772,24.355072
5,0.29,0.4,1.5,0.993457,0.002753,24.282574
5,0.295,0.4,1.5,0.975942,0.002731,24.219593
5,0.3,0.4,1.5,0.958131,0.002707,24.167458
5,0.305,0.4,1.5,0.940026,0.002681,24.126839
5,0.31,0.4,1.5,0.921626,0.002653,24.09832
5,0.315,0.4,1.5,0.902929,0.002623,24.083626
5,0.32,0.4,1.5,0.883933,0.002593,24.08596
5,0.325,0.4,1.5,0.864637,0.002561,24.110302
5,0.33,0.4,1.5,0.845039,0.002528,24.162346
5,0.335,0.4,1.5,0.825137,0.002494,24.248089
5,0.34,0.4,1.5,0.804933,0.00246,24.372322
5,0.345,0.4,1.5,0.784428,0.002425,24.538052
5,0.35,0.4,1.5,0.763624,0.002389,24.745899
5,0.355,0.4,1.5,0.742527,0.002352,24.994392
5,0.36,0.4,1.5,0.721139,0.002314,25.280308
5,0.365,0.4,1.5,0.699463,0.002276,25.59956
5,0.37,0.4,1.5,0.677499,0.002238,25.948017
5,0.375,0.4,1.5,0.655245,0.002199,26.322182
5,0.38,0.4,1.5,0.632698,0.002159,26.719524
5,0.385,0.4,1.5,0.609852,0.00212,27.138519
5,0.39,0.4,1.5,0.586701,0.00208,27.578144
5,0.395,0.4,1.5,0.563242,0.00204,28.037285
5,0.4,0.4,1.5,0.53947,0.001999,28.513882
5,0.405,0.4,1.5,0.515387,0.001958,29.00449
5,0.41,0.4,1.5,0.490994,0.001917,29.504036
5,0.415,0.4,1.5,0.466294,0.001873,30.005989
5,0.42,0.4,1.5,0.441294,0.001828,30.502941
5,0.425,0.4,1.5,0.415996,0.001779,30.987438
5,0.43,0.4,1.5,0.390406,0.001727,31.452637
5,0.435,0.4,1.5,0.364525,0.001669,31.893105
5,0.44,0.4,1.5,0.338352,0.001605,32.305077
5,0.445,0.4,1.5,0.311884,0.001533,32.686485
5,0.45,0.4,1.5,0.285117,0.001451,33.036671
5,0.455,0.4,1.5,0.258046,0.001361,33.35601
5,0.46,0.4,1.5,0.230665,0.00126,33.645058
5,0.465,0.4,1.5,0.202969,0.001152,33.904446
5,0.47,0.4,1.5,0.174951,0.00104,34.133949
5,0.475,0.4,1.5,0.146602,0.000927,34.332726
5,0.48,0.4,1.5,0.117908,0.000819,34.499199
5,0.485,0.4,1.5,0.088855,0.000723,34.631313
5,0.49,0.4,1.5,0.059428,0.000644,34.726906
5,0.495,0.4,1.5,0.029626,0.000585,34.7845
5,0.5,0.4,1.5,-0.000519,0.000544,34.803734
5,-0.5,0.5,1.2,0.00089,0.0004,47.69574
5,-0.495,0.5,1.2,0.030807,0.000382,47.677773
5,-0.49,0.5,1.2,0.060383,0.000302,47.634052
5,-0.485,0.5,1.2,0.089636,0.000212,47.57798
5,-0.48,0.5,1.2,0.118588,0.000139,47.520271
5,-0.475,0.5,1.2,0.147247,0.00009,47.467957
5,-0.47,0.5,1.2,0.175614,0.000065,47.424187
5,-0.465,0.5,1.2,0.203685,0.000058,47.38813
5,-0.46,0.5,1.2,0.231462,0.000063,47.355042
5,-0.455,0.5,1.2,0.258945,0.000075,47.316685
5,-0.45,0.5,1.2,0.286138,0.000091,47.261635
5,-0.445,0.5,1.2,0.313043,0.000109,47.176231
5,-0.44,0.5,1.2,0.339664,0.000127,47.045223
5,-0.435,0.5,1.2,0.366004,0.000145,46.853188
5,-0.43,0.5,1.2,0.392065,0.000163,46.585815
5,-0.425,0.5,1.2,0.417849,0.00018,46.23114
5,-0.42,0.5,1.2,0.443357,0.000197,45.780632
5,-0.415,0.5,1.2,0.46859,0.000214,45.229988
5,-0.41,0.5,1.2,0.493547,0.000229,44.578838
5,-0.405,0.5,1.2,0.518226,0.000242,43.830696
5,-0.4,0.5,1.2,0.542624,0.000253,42.991848
5,-0.395,0.5,1.2,0.566735,0.000261,42.070419
5,-0.39,0.5,1.2,0.590554,0.000265,41.075653
5,-0.385,0.5,1.2,0.614074,0.000265,40.017708
5,-0.38,0.5,1.2,0.637286,0.000261,38.907471
5,-0.375,0.5,1.2,0.660186,0.000254,37.756882
5,-0.37,0.5,1.2,0.682766,0.000244,36.579548
5,-0.365,0.5,1.2,0.705021,0.000232,35.390797
5,-0.36,0.5,1.2,0.72695,0.000219,34.207756
5,-0.355,0.5,1.2,0.748551,0.000208,33.048954
5,-0.35,0.5,1.2,0.769826,0.000198,31.932896
5,-0.345,0.5,1.2,0.790779,0.000191,30.876808
5,-0.34,0.5,1.2,0.811415,0.000188,29.894665
5,-0.335,0.5,1.2,0.831741,0.000189,28.996494
5,-0.33,0.5,1.2,0.851763,0.000196,28.187675
5,-0.325,0.5,1.2,0.871488,0.000207,27.469753
5,-0.32,0.5,1.2,0.890922,0.000222,26.841434
5,-0.315,0.5,1.2,0.910067,0.000242,26.299831
5,-0.31,0.5,1.2,0.928925,0.000264,25.841476
5,-0.305,0.5,1.2,0.947495,0.00029,25.462566
5,-0.3,0.5,1.2,0.965774,0.000318,25.158756
5,-0.295,0.5,1.2,0.983761,0.000348,24.925083
5,-0.29,0.5,1.2,1.001452,0.000379,24.755424
5,-0.285,0.5,1.2,1.018842,0.000411,24.642445
5,-0.28,0.5,1.2,1.035931,0.000445,24.577755
5,-0.275,0.5,1.2,1.052715,0.000481,24.552338
5,-0.27,0.5,1.2,1.069195,0.000518,24.557034
5,-0.265,0.5,1.2,1.085372,0.000557,24.583229
5,-0.26,0.5,1.2,1.101244,0.000599,24.623146
5,-0.255,0.5,1.2,1.116813,0.000644,24.670406
5,-0.25,0.5,1.2,1.13208,0.000691,24.72007
5,-0.245,0.5,1.2,1.147045,0.000741,24.768929
5,-0.24,0.5,1.2,1.16171,0.000794,24.815189
5,-0.235,0.5,1.2,1.176075,0.000848,24.858356
5,-0.23,0.5,1.2,1.190138,0.000904,24.898754
5,-0.225,0.5,1.2,1.203903,0.00096,24.937248
5,-0.22,0.5,1.2,1.21737,0.001016,24.974419
5,-0.215,0.5,1.2,1.230539,0.001071,25.01033
5,-0.21,0.5,1.2,1.243408,0.001125,25.044216
5,-0.205,0.5,1.2,1.255979,0.001177,25.07449
5,-0.2,0.5,1.2,1.26825,0.001228,25.0993
5,-0.195,0.5,1.2,1.28022,0.001276,25.116955
5,-0.19,0.5,1.2,1.291889,0.001323,25.126549
5,-0.185,0.5,1.2,1.303252,0.001368,25.128185
5,-0.18,0.5,1.2,1.314311,0.001411,25.122887
5,-0.175,0.5,1.2,1.325064,0.001454,25.112225
5,-0.17,0.5,1.2,1.33551,0.001495,25.097996
5,-0.165,0.5,1.2,1.34565,0.001536,25.081512
5,-0.16,0.5,1.2,1.355486,0.001575,25.064053
5,-0.155,0.5,1.2,1.365018,0.001614,25.046272
5,-0.15,0.5,1.2,1.37425,0.00165,25.028629
5,-0.145,0.5,1.2,1.383179,0.001684,25.011597
5,-0.14,0.5,1.2,1.391804,0.001717,24.995518
5,-0.135,0.5,1.2,1.40012,0.001748,24.980961
5,-0.13,0.5,1.2,1.408125,0.001778,24.968433
5,-0.125,0.5,1.2,1.415819,0.001808,24.958569
5,-0.12,0.5,1.2,1.4232,0.001838,24.952076
5,-0.115,0.5,1.2,1.430268,0.00187,24.949627
5,-0.11,0.5,1.2,1.437024,0.001902,24.951706
5,-0.105,0.5,1.2,1.443471,0.001934,24.958359
5,-0.1,0.5,1.2,1.449611,0.001968,24.969215
5,-0.095,0.5,1.2,1.455444,0.002001,24.98325
5,-0.09,0.5,1.2,1.460973,0.002034,24.998772
5,-0.085,0.5,1.2,1.466199,0.002066,25.013924
5,-0.08,0.5,1.2,1.471123,0.002097,25.026752
5,-0.075,0.5,1.2,1.475745,0.002126,25.035942
5,-0.07,0.5,1.2,1.480065,0.002154,25.04081
5,-0.065,0.5,1.2,1.48408,0.00218,25.041668
5,-0.06,0.5,1.2,1.487792,0.002205,25.039558
5,-0.055,0.5,1.2,1.491195,0.002229,25.035889
5,-0.05,0.5,1.2,1.494293,0.002255,25.032158
5,-0.045,0.5,1.2,1.497082,0.002281,25.029346
5,-0.04,0.5,1.2,1.499561,0.002309,25.027885
5,-0.035,0.5,1.2,1.501733,0.002339,25.027515
5,-0.03,0.5,1.2,1.503597,0.002371,25.027779
5,-0.025,0.5,1.2,1.505155,0.002404,25.027897
5,-0.02,0.5,1.2,1.506409,0.002437,25.027359
5,-0.015,0.5,1.2,1.507356,0.002467,25.025768
5,-0.01,0.5,1.2,1.507997,0.002494,25.02309
5,-0.005,0.5,1.2,1.508335,0.002517,25.019627
5,0,0.5,1.2,1.50837,0.002538,25.015846
5,0.005,0.5,1.2,1.508101,0.002558,25.012432
5,0.01,0.5,1.2,1.507532,0.002576,25.010025
5,0.015,0.5,1.2,1.506661,0.002592,25.009037
5,0.02,0.5,1.2,1.50549,0.002603,25.009762
5,0.025,0.5,1.2,1.50402,0.00261,25.01202
5,0.03,0.5,1.2,1.50225,0.002611,25.015266
5,0.035,0.5,1.2,1.500174,0.002607,25.019276
5,0.04,0.5,1.2,1.497795,0.002597,25.023586
5,0.045,0.5,1.2,1.495109,0.002583,25.028446
5,0.05,0.5,1.2,1.492116,0.002566,25.034172
5,0.055,0.5,1.2,1.488816,0.002546,25.041252
5,0.06,0.5,1.2,1.485209,0.002525,25.049644
5,0.065,0.5,1.2,1.481294,0.002502,25.058956
5,0.07,0.5,1.2,1.477072,0.002479,25.068207
5,0.075,0.5,1.2,1.472544,0.002456,25.076298
5,0.08,0.5,1.2,1.467708,0.002433,25.082363
5,0.085,0.5,1.2,1.462566,0.002409,25.086452
5,0.09,0.5,1.2,1.457119,0.002386,25.089333
5,0.095,0.5,1.2,1.451369,0.002362,25.092468
5,0.1,0.5,1.2,1.445319,0.002337,25.097122
5,0.105,0.5,1.2,1.438972,0.00231,25.103916
5,0.11,0.5,1.2,1.432331,0.002283,25.112354
5,0.115,0.5,1.2,1.425396,0.002253,25.120945
5,0.12,0.5,1.2,1.418167,0.002223,25.127472
5,0.125,0.5,1.2,1.410645,0.002191,25.129963
5,0.13,0.5,1.2,1.402829,0.002158,25.126778
5,0.135,0.5,1.2,1.394716,0.002125,25.117653
5,0.14,0.5,1.2,1.386306,0.002093,25.103161
5,0.145,0.5,1.2,1.377595,0.002062,25.084469
5,0.15,0.5,1.2,1.368585,0.002032,25.062866
5,0.155,0.5,1.2,1.359273,0.002004,25.039536
5,0.16,0.5,1.2,1.349658,0.001979,25.015274
5,0.165,0.5,1.2,1.339747,0.001956,24.99057
5,0.17,0.5,1.2,1.329535,0.001935,24.965881
5,0.175,0.5,1.2,1.319026,0.001917,24.941486
5,0.18,0.5,1.2,1.308222,0.0019,24.917271
5,0.185,0.5,1.2,1.297125,0.001884,24.893059
5,0.19,0.5,1.2,1.285736,0.00187,24.868256
5,0.195,0.5,1.2,1.274056,0.001855,24.84219
5,0.2,0.5,1.2,1.262085,0.001841,24.814323
5,0.205,0.5,1.2,1.249824,0.001827,24.784256
5,0.21,0.5,1.2,1.237275,0.001813,24.751781
5,0.215,0.5,1.2,1.224436,0.001797,24.717003
5,0.22,0.5,1.2,1.211309,0.001781,24.680172
5,0.225,0.5,1.2,1.197893,0.001763,24.641598
5,0.23,0.5,1.2,1.184188,0.001743,24.601631
5,0.235,0.5,1.2,1.170195,0.001722,24.56039
5,0.24,0.5,1.2,1.155911,0.001698,24.517876
5,0.245,0.5,1.2,1.141337,0.001673,24.473648
5,0.25,0.5,1.2,1.126472,0.001645,24.427063
5,0.255,0.5,1.2,1.111315,0.001615,24.377625
5,0.26,0.5,1.2,1.095865,0.001584,24.324783
5,0.265,0.5,1.2,1.080121,0.00155,24.268555
5,0.27,0.5,1.2,1.064083,0.001515,24.209454
5,0.275,0.5,1.2,1.04775,0.001478,24.148899
5,0.28,0.5,1.2,1.031122,0.00144,24.089001
5,0.285,0.5,1.2,1.0142,0.0014,24.033009
5,0.29,0.5,1.2,0.996985,0.001359,23.985165
5,0.295,0.5,1.2,0.979475,0.001316,23.950691
5,0.3,0.5,1.2,0.961671,0.001272,23.935329
5,0.305,0.5,1.2,0.943574,0.001225,23.945187
5,0.31,0.5,1.2,0.925182,0.001177,23.985886
5,0.315,0.5,1.2,0.906494,0.001127,24.062279
5,0.32,0.5,1.2,0.887507,0.001076,24.17812
5,0.325,0.5,1.2,0.868219,0.001024,24.335934
5,0.33,0.5,1.2,0.848625,0.00097,24.536812
5,0.335,0.5,1.2,0.828725,0.000917,24.780914
5,0.34,0.5,1.2,0.808515,0.000863,25.067177
5,0.345,0.5,1.2,0.787995,0.00081,25.393822
5,0.35,0.5,1.2,0.767167,0.000757,25.758083
5,0.355,0.5,1.2,0.746032,0.000705,26.156719
5,0.36,0.5,1.2,0.724594,0.000652,26.585865
5,0.365,0.5,1.2,0.702857,0.000597,27.041546
5,0.37,0.5,1.2,0.680826,0.000542,27.519768
5,0.375,0.5,1.2,0.658503,0.000483,28.016949
5,0.38,0.5,1.2,0.635892,0.000422,28.529942
5,0.385,0.5,1.2,0.612991,0.000356,29.056038
5,0.39,0.5,1.2,0.589801,0.000286,29.593197
5,0.395,0.5,1.2,0.56632,0.000212,30.139923
5,0.4,0.5,1.2,0.542545,0.000134,30.695168
5,0.405,0.5,1.2,0.518472,0.000051,31.258152
5,0.41,0.5,1.2,0.494096,-0.000035,31.828167
5,0.415,0.5,1.2,0.469413,-0.000123,32.403915
5,0.42,0.5,1.2,0.444418,-0.000213,32.98328
5,0.425,0.5,1.2,0.419105,-0.000305,33.562855
5,0.43,0.5,1.2,0.393468,-0.000396,34.137806
5,0.435,0.5,1.2,0.3675,-0.000485,34.701931
5,0.44,0.5,1.2,0.341197,-0.000572,35.247772
5,0.445,0.5,1.2,0.314556,-0.000655,35.767025
5,0.45,0.5,1.2,0.287577,-0.000731,36.251072
5,0.455,0.5,1.2,0.260263,-0.000799,36.691822
5,0.46,0.5,1.2,0.232622,-0.000854,37.082081
5,0.465,0.5,1.2,0.204665,-0.000892,37.41663
5,0.47,0.5,1.2,0.1764,-0.000905,37.692486
5,0.475,0.5,1.2,0.147833,-0.000885,37.909401
5,0.48,0.5,1.2,0.118953,-0.000821,38.069977
5,0.485,0.5,1.2,0.089734,-0.000701,38.179504
5,0.49,0.5,1.2,0.060125,-0.000521,38.245605
5,0.495,0.5,1.2,0.030068,-0.000296,38.27771
5,0.5,0.5,1.2,-0.000445,-0.000074,38.286255
5,-0.5,0.6,1,0.00197,-0.000813,54.250385
5,-0.495,0.6,1,0.031818,-0.000845,54.273605
5,-0.49,0.6,1,0.061298,-0.000904,54.336952
5,-0.485,0.6,1,0.09041,-0.000968,54.436478
5,-0.48,0.6,1,0.119216,-0.001027,54.566978
5,-0.475,0.6,1,0.147756,-0.001079,54.722355
5,-0.47,0.6,1,0.176035,-0.001126,54.895897
5,-0.465,0.6,1,0.204041,-0.001169,55.080273
5,-0.46,0.6,1,0.23176,-0.001207,55.267311
5,-0.455,0.6,1,0.259182,-0.00124,55.447903
5,-0.45,0.6,1,0.286304,-0.001266,55.611496
5,-0.445,0.6,1,0.313126,-0.001283,55.745853
5,-0.44,0.6,1,0.33965,-0.00129,55.837265
5,-0.435,0.6,1,0.365882,-0.001287,55.870865
5,-0.43,0.6,1,0.391826,-0.001274,55.831123
5,-0.425,0.6,1,0.417486,-0.001253,55.702927
5,-0.42,0.6,1,0.442865,-0.001224,55.472271
5,-0.415,0.6,1,0.467963,-0.001188,55.127419
5,-0.41,0.6,1,0.49278,-0.001148,54.659554
5,-0.405,0.6,1,0.517315,-0.001104,54.063324
5,-0.4,0.6,1,0.541562,-0.001057,53.336914
5,-0.395,0.6,1,0.565519,-0.001009,52.482014
5,-0.39,0.6,1,0.589185,-0.00096,51.503426
5,-0.385,0.6,1,0.612552,-0.00091,50.408623
5,-0.38,0.6,1,0.635621,-0.000862,49.207573
5,-0.375,0.6,1,0.658388,-0.000814,47.912514
5,-0.37,0.6,1,0.680852,-0.000767,46.537704
5,-0.365,0.6,1,0.703015,-0.000722,45.099281
5,-0.36,0.6,1,0.724878,-0.00068,43.614639
5,-0.355,0.6,1,0.746442,-0.00064,42.102009
5,-0.35,0.6,1,0.767711,-0.000603,40.579662
5,-0.345,0.6,1,0.788683,-0.000568,39.065353
5,-0.34,0.6,1,0.809362,-0.000536,37.575752
5,-0.335,0.6,1,0.829747,-0.000506,36.126251
5,-0.33,0.6,1,0.849835,-0.000478,34.730507
5,-0.325,0.6,1,0.869627,-0.00045,33.400425
5,-0.32,0.6,1,0.889119,-0.000421,32.145729
5,-0.315,0.6,1,0.908311,-0.000391,30.973976
5,-0.31,0.6,1,0.927201,-0.000358,29.890488
5,-0.305,0.6,1,0.945787,-0.000322,28.898705
5,-0.3,0.6,1,0.964072,-0.000282,28.000553
5,-0.295,0.6,1,0.982053,-0.000238,27.196789
5,-0.29,0.6,1,0.999733,-0.000188,26.487389
5,-0.285,0.6,1,1.017114,-0.000133,25.871647
5,-0.28,0.6,1,1.034196,-0.000072,25.347824
5,-0.275,0.6,1,1.050981,-0.000006,24.913109
5,-0.27,0.6,1,1.067471,0.000066,24.563244
5,-0.265,0.6,1,1.083663,0.000143,24.292534
5,-0.26,0.6,1,1.099559,0.000224,24.093914
5,-0.255,0.6,1,1.115159,0.00031,23.959507
5,-0.25,0.6,1,1.13046,0.000399,23.881149
5,-0.245,0.6,1,1.145464,0.000491,23.851025
5,-0.24,0.6,1,1.16017,0.000586,23.862129
5,-0.235,0.6,1,1.174577,0.000682,23.908348
5,-0.23,0.6,1,1.188686,0.000781,23.984207
5,-0.225,0.6,1,1.202498,0.00088,24.084602
5,-0.22,0.6,1,1.216012,0.00098,24.204239
5,-0.215,0.6,1,1.229227,0.00108,24.337135
5,-0.21,0.6,1,1.242144,0.001181,24.476929
5,-0.205,0.6,1,1.254759,0.00128,24.61657
5,-0.2,0.6,1,1.267076,0.001379,24.749512
5,-0.195,0.6,1,1.279086,0.001477,24.869915
5,-0.19,0.6,1,1.29079,0.001574,24.973473
5,-0.185,0.6,1,1.302186,0.00167,25.057808
5,-0.18,0.6,1,1.313271,0.001764,25.122356
5,-0.175,0.6,1,1.324043,0.001857,25.168121
5,-0.17,0.6,1,1.334504,0.001949,25.197163
5,-0.165,0.6,1,1.344649,0.00204,25.211952
5,-0.16,0.6,1,1.354479,0.002131,25.214729
5,-0.155,0.6,1,1.363995,0.00222,25.207378
5,-0.15,0.6,1,1.373201,0.002309,25.191284
5,-0.145,0.6,1,1.382093,0.002398,25.167728
5,-0.14,0.6,1,1.390677,0.002487,25.138203
5,-0.135,0.6,1,1.398955,0.002576,25.104794
5,-0.13,0.6,1,1.406927,0.002665,25.07019
5,-0.125,0.6,1,1.414596,0.002754,25.0378
5,-0.12,0.6,1,1.421964,0.002844,25.010788
5,-0.115,0.6,1,1.429026,0.002934,24.991886
5,-0.11,0.6,1,1.435786,0.003024,24.98262
5,-0.105,0.6,1,1.44224,0.003116,24.98296
5,-0.1,0.6,1,1.448386,0.003207,24.991699
5,-0.095,0.6,1,1.454224,0.003299,25.006321
5,-0.09,0.6,1,1.459749,0.003391,25.023922
5,-0.085,0.6,1,1.46496,0.003482,25.041454
5,-0.08,0.6,1,1.469858,0.003572,25.056675
5,-0.075,0.6,1,1.47444,0.00366,25.067749
5,-0.07,0.6,1,1.478705,0.003745,25.073792
5,-0.065,0.6,1,1.482656,0.003826,25.074574
5,-0.06,0.6,1,1.486286,0.003905,25.070366
5,-0.055,0.6,1,1.489599,0.00398,25.06229
5,-0.05,0.6,1,1.492595,0.004053,25.051849
5,-0.045,0.6,1,1.495272,0.004124,25.041145
5,-0.04,0.6,1,1.497632,0.004193,25.03215
5,-0.035,0.6,1,1.499679,0.004262,25.026604
5,-0.03,0.6,1,1.501412,0.004332,25.025444
5,-0.025,0.6,1,1.502834,0.004404,25.028534
5,-0.02,0.6,1,1.503947,0.004477,25.034809
5,-0.015,0.6,1,1.504755,0.004553,25.042549
5,-0.01,0.6,1,1.505255,0.00463,25.049679
5,-0.005,0.6,1,1.505448,0.00471,25.05452
5,0,0.6,1,1.505339,0.004791,25.05587
5,0.005,0.6,1,1.504926,0.004873,25.053303
5,0.01,0.6,1,1.50421,0.004954,25.047279
5,0.015,0.6,1,1.503195,0.005035,25.038776
5,0.02,0.6,1,1.50188,0.005115,25.029461
5,0.025,0.6,1,1.500269,0.005192,25.021114
5,0.03,0.6,1,1.49836,0.005265,25.015541
5,0.035,0.6,1,1.496157,0.005335,25.014389
5,0.04,0.6,1,1.493657,0.0054,25.018913
5,0.045,0.6,1,1.490857,0.005458,25.029823
5,0.05,0.6,1,1.487754,0.00551,25.047104
5,0.055,0.6,1,1.484342,0.005554,25.070042
5,0.06,0.6,1,1.480623,0.005588,25.097076
5,0.065,0.6,1,1.476593,0.005612,25.126064
5,0.07,0.6,1,1.472254,0.005624,25.154575
5,0.075,0.6,1,1.467612,0.005624,25.180359
5,0.08,0.6,1,1.462672,0.005612,25.201706
5,0.085,0.6,1,1.457439,0.00559,25.217934
5,0.09,0.6,1,1.451916,0.00556,25.229301
5,0.095,0.6,1,1.4461,0.005525,25.236782
5,0.1,0.6,1,1.439989,0.005485,25.24176
5,0.105,0.6,1,1.433585,0.005445,25.245476
5,0.11,0.6,1,1.426884,0.005403,25.248787
5,0.115,0.6,1,1.419887,0.005357,25.251877
5,0.12,0.6,1,1.412594,0.005303,25.254364
5,0.125,0.6,1,1.404998,0.005239,25.25518
5,0.13,0.6,1,1.397099,0.005162,25.252628
5,0.135,0.6,1,1.388893,0.005073,25.244804
5,0.14,0.6,1,1.380378,0.004973,25.229698
5,0.145,0.6,1,1.371551,0.004864,25.205647
5,0.15,0.6,1,1.362413,0.00475,25.171944
5,0.155,0.6,1,1.352963,0.004634,25.129036
5,0.16,0.6,1,1.343205,0.004521,25.07851
5,0.165,0.6,1,1.333139,0.004412,25.022728
5,0.17,0.6,1,1.322769,0.00431,24.964352
5,0.175,0.6,1,1.312104,0.004218,24.905647
5,0.18,0.6,1,1.301144,0.004135,24.847881
5,0.185,0.6,1,1.289899,0.004062,24.791706
5,0.19,0.6,1,1.278376,0.003998,24.736633
5,0.195,0.6,1,1.266577,0.003941,24.68214
5,0.2,0.6,1,1.254508,0.003889,24.627708
5,0.205,0.6,1,1.24217,0.003841,24.573215
5,0.21,0.6,1,1.229564,0.003794,24.518902
5,0.215,0.6,1,1.216685,0.003746,24.465317
5,0.22,0.6,1,1.203531,0.003695,24.413208
5,0.225,0.6,1,1.190101,0.003642,24.363052
5,0.23,0.6,1,1.176387,0.003585,24.315533
5,0.235,0.6,1,1.162388,0.003526,24.270691
5,0.24,0.6,1,1.148098,0.003465,24.228134
5,0.245,0.6,1,1.133517,0.003404,24.186676
5,0.25,0.6,1,1.118643,0.003343,24.144714
5,0.255,0.6,1,1.10348,0.003283,24.10051
5,0.26,0.6,1,1.08803,0.003223,24.052765
5,0.265,0.6,1,1.072296,0.003164,24.001373
5,0.27,0.6,1,1.05628,0.003103,23.947754
5,0.275,0.6,1,1.039985,0.00304,23.894844
5,0.28,0.6,1,1.023411,0.002974,23.846806
5,0.285,0.6,1,1.006557,0.002904,23.808506
5,0.29,0.6,1,0.989421,0.002829,23.785057
5,0.295,0.6,1,0.972003,0.002749,23.781082
5,0.3,0.6,1,0.954301,0.002665,23.800327
5,0.305,0.6,1,0.936314,0.002577,23.845234
5,0.31,0.6,1,0.918044,0.002485,23.917137
5,0.315,0.6,1,0.899488,0.002392,24.016434
5,0.32,0.6,1,0.880644,0.002296,24.14299
5,0.325,0.6,1,0.861514,0.0022,24.296642
5,0.33,0.6,1,0.84209,0.002101,24.47757
5,0.335,0.6,1,0.822372,0.002002,24.686283
5,0.34,0.6,1,0.802355,0.001901,24.923779
5,0.345,0.6,1,0.782034,0.001797,25.191341
5,0.35,0.6,1,0.761405,0.001692,25.490124
5,0.355,0.6,1,0.740466,0.001584,25.821136
5,0.36,0.6,1,0.719214,0.001474,26.184814
5,0.365,0.6,1,0.697649,0.001362,26.580887
5,0.37,0.6,1,0.675774,0.001249,27.008305
5,0.375,0.6,1,0.653588,0.001136,27.465088
5,0.38,0.6,1,0.631094,0.001025,27.948151
5,0.385,0.6,1,0.608295,0.000915,28.453732
5,0.39,0.6,1,0.585192,0.000808,28.977448
5,0.395,0.6,1,0.561787,0.000705,29.514584
5,0.4,0.6,1,0.53808,0.000607,30.060707
5,0.405,0.6,1,0.514072,0.000514,30.612164
5,0.41,0.6,1,0.489763,0.000427,31.166348
5,0.415,0.6,1,0.465154,0.000345,31.722069
5,0.42,0.6,1,0.440248,0.000268,32.278965
5,0.425,0.6,1,0.415042,0.000195,32.836849
5,0.43,0.6,1,0.38954,0.000126,33.394669
5,0.435,0.6,1,0.363739,0.000058,33.949345
5,0.44,0.6,1,0.337641,-0.000009,34.49501
5,0.445,0.6,1,0.311245,-0.000077,35.022903
5,0.45,0.6,1,0.28455,-0.000146,35.521908
5,0.455,0.6,1,0.257558,-0.000216,35.979656
5,0.46,0.6,1,0.230269,-0.000287,36.384491
5,0.465,0.6,1,0.202685,-0.000354,36.726994
5,0.47,0.6,1,0.174806,-0.000413,37.001705
5,0.475,0.6,1,0.146631,-0.000454,37.207947
5,0.48,0.6,1,0.118149,-0.000467,37.350014
5,0.485,0.6,1,0.089341,-0.00044,37.436787
5,0.49,0.6,1,0.060179,-0.000372,37.480633
5,0.495,0.6,1,0.030632,-0.000284,37.496078
5,0.5,0.6,1,0.000685,-0.000244,37.498222
5,-0.5,0.7,0.857143,0.001668,0.000433,56.001083
5,-0.495,0.7,0.857143,0.031301,0.000838,56.022942
5,-0.49,0.7,0.857143,0.060895,0.001034,56.085251
5,-0.485,0.7,0.857143,0.090389,0.001084,56.184166
5,-0.48,0.7,0.857143,0.11971,0.001033,56.313225
5,-0.475,0.7,0.857143,0.148768,0.000915,56.46455
5,-0.47,0.7,0.857143,0.177485,0.000758,56.629745
5,-0.465,0.7,0.857143,0.205825,0.00058,56.800957
5,-0.46,0.7,0.857143,0.233785,0.000396,56.97126
5,-0.455,0.7,0.857143,0.261389,0.000217,57.135056
5,-0.45,0.7,0.857143,0.288664,0.000049,57.287941
5,-0.445,0.7,0.857143,0.315632,-0.000102,57.426266
5,-0.44,0.7,0.857143,0.342304,-0.000233,57.546581
5,-0.435,0.7,0.857143,0.368685,-0.000341,57.644928
5,-0.43,0.7,0.857143,0.394772,-0.000427,57.716175
5,-0.425,0.7,0.857143,0.420557,-0.00049,57.75378
5,-0.42,0.7,0.857143,0.446039,-0.000531,57.749752
5,-0.415,0.7,0.857143,0.471216,-0.000552,57.694984
5,-0.41,0.7,0.857143,0.496092,-0.000553,57.57972
5,-0.405,0.7,0.857143,0.520676,-0.000537,57.394215
5,-0.4,0.7,0.857143,0.544976,-0.000504,57.129154
5,-0.395,0.7,0.857143,0.569001,-0.000458,56.776108
5,-0.39,0.7,0.857143,0.59276,-0.000398,56.328003
5,-0.385,0.7,0.857143,0.616257,-0.000328,55.779541
5,-0.38,0.7,0.857143,0.639495,-0.000249,55.127953
5,-0.375,0.7,0.857143,0.66247,-0.00016,54.373482
5,-0.37,0.7,0.857143,0.685177,-0.000065,53.520077
5,-0.365,0.7,0.857143,0.70761,0.000036,52.575199
5,-0.36,0.7,0.857143,0.729762,0.000143,51.549034
5,-0.355,0.7,0.857143,0.751622,0.000255,50.453102
5,-0.35,0.7,0.857143,0.773191,0.000372,49.298744
5,-0.345,0.7,0.857143,0.79446,0.000494,48.096111
5,-0.34,0.7,0.857143,0.815433,0.00062,46.853706
5,-0.335,0.7,0.857143,0.836111,0.000752,45.578979
5,-0.33,0.7,0.857143,0.856498,0.00089,44.27887
5,-0.325,0.7,0.857143,0.876599,0.001033,42.960793
5,-0.32,0.7,0.857143,0.896415,0.001183,41.632553
5,-0.315,0.7,0.857143,0.915949,0.001339,40.302299
5,-0.31,0.7,0.857143,0.935201,0.001502,38.978252
5,-0.305,0.7,0.857143,0.954167,0.001671,37.668179
5,-0.3,0.7,0.857143,0.972845,0.001845,36.379524
5,-0.295,0.7,0.857143,0.99123,0.002025,35.119308
5,-0.29,0.7,0.857143,1.009318,0.002209,33.894325
5,-0.285,0.7,0.857143,1.027105,0.002397,32.711323
5,-0.28,0.7,0.857143,1.04459,0.002587,31.576839
5,-0.275,0.7,0.857143,1.061766,0.002778,30.497272
5,-0.27,0.7,0.857143,1.078636,0.00297,29.478729
5,-0.265,0.7,0.857143,1.095198,0.003161,28.526924
5,-0.26,0.7,0.857143,1.111449,0.003352,27.646893
5,-0.255,0.7,0.857143,1.127388,0.003541,26.843014
5,-0.25,0.7,0.857143,1.143016,0.003728,26.118534
5,-0.245,0.7,0.857143,1.158331,0.003914,25.475815
5,-0.24,0.7,0.857143,1.173331,0.004098,24.915802
5,-0.235,0.7,0.857143,1.188019,0.004281,24.438549
5,-0.23,0.7,0.857143,1.202393,0.004463,24.042847
5,-0.225,0.7,0.857143,1.216456,0.004645,23.726398
5,-0.22,0.7,0.857143,1.230206,0.004827,23.485664
5,-0.215,0.7,0.857143,1.243648,0.00501,23.315815
5,-0.21,0.7,0.857143,1.25678,0.005194,23.210678
5,-0.205,0.7,0.857143,1.269601,0.005379,23.162933
5,-0.2,0.7,0.857143,1.282113,0.005566,23.164707
5,-0.195,0.7,0.857143,1.294309,0.005755,23.207668
5,-0.19,0.7,0.857143,1.306193,0.005946,23.284199
5,-0.185,0.7,0.857143,1.317759,0.006138,23.387127
5,-0.18,0.7,0.857143,1.329005,0.006331,23.510334
5,-0.175,0.7,0.857143,1.339928,0.006525,23.648338
5,-0.17,0.7,0.857143,1.350526,0.00672,23.795986
5,-0.165,0.7,0.857143,1.360797,0.006915,23.948277
5,-0.16,0.7,0.857143,1.370741,0.00711,24.100204
5,-0.155,0.7,0.857143,1.380355,0.007304,24.246944
5,-0.15,0.7,0.857143,1.389643,0.007497,24.384254
5,-0.145,0.7,0.857143,1.398602,0.007688,24.508812
5,-0.14,0.7,0.857143,1.407234,0.007879,24.61874
5,-0.135,0.7,0.857143,1.41554,0.008068,24.7136
5,-0.13,0.7,0.857143,1.423521,0.008255,24.794209
5,-0.125,0.7,0.857143,1.431178,0.008441,24.862103
5,-0.12,0.7,0.857143,1.438509,0.008625,24.91885
5,-0.115,0.7,0.857143,1.445518,0.008807,24.965885
5,-0.11,0.7,0.857143,1.4522,0.008987,25.003872
5,-0.105,0.7,0.857143,1.458554,0.009165,25.033218
5,-0.1,0.7,0.857143,1.464579,0.00934,25.05447
5,-0.095,0.7,0.857143,1.470274,0.009513,25.068398
5,-0.09,0.7,0.857143,1.475635,0.009682,25.076309
5,-0.085,0.7,0.857143,1.480661,0.009847,25.079571
5,-0.08,0.7,0.857143,1.485348,0.010008,25.079517
5,-0.075,0.7,0.857143,1.489697,0.010163,25.077003
5,-0.07,0.7,0.857143,1.493709,0.010314,25.072884
5,-0.065,0.7,0.857143,1.497382,0.010458,25.0681
5,-0.06,0.7,0.857143,1.500721,0.010595,25.063995
5,-0.055,0.7,0.857143,1.503725,0.010726,25.062393
5,-0.05,0.7,0.857143,1.506399,0.01085,25.065292
5,-0.045,0.7,0.857143,1.508744,0.010967,25.074512
5,-0.04,0.7,0.857143,1.510764,0.011078,25.091114
5,-0.035,0.7,0.857143,1.512463,0.011183,25.115139
5,-0.03,0.7,0.857143,1.513838,0.011284,25.145565
5,-0.025,0.7,0.857143,1.514895,0.011379,25.180344
5,-0.02,0.7,0.857143,1.515632,0.011472,25.216938
5,-0.015,0.7,0.857143,1.51605,0.011563,25.252682
5,-0.01,0.7,0.857143,1.51615,0.011652,25.285419
5,-0.005,0.7,0.857143,1.515931,0.011741,25.31361
5,0,0.7,0.857143,1.515395,0.011831,25.336487
5,0.005,0.7,0.857143,1.51454,0.011921,25.353851
5,0.01,0.7,0.857143,1.513371,0.012013,25.365784
5,0.015,0.7,0.857143,1.511887,0.012105,25.372448
5,0.02,0.7,0.857143,1.510087,0.012197,25.37389
5,0.025,0.7,0.857143,1.507977,0.012288,25.37038
5,0.03,0.7,0.857143,1.505555,0.012375,25.3624
5,0.035,0.7,0.857143,1.502825,0.012457,25.350971
5,0.04,0.7,0.857143,1.499789,0.012532,25.337547
5,0.045,0.7,0.857143,1.496444,0.0126,25.323914
5,0.05,0.7,0.857143,1.492793,0.012658,25.311825
5,0.055,0.7,0.857143,1.488836,0.012707,25.302593
5,0.06,0.7,0.857143,1.484574,0.012749,25.296818
5,0.065,0.7,0.857143,1.480007,0.012782,25.294144
5,0.07,0.7,0.857143,1.475137,0.012806,25.293365
5,0.075,0.7,0.857143,1.469965,0.012822,25.292725
5,0.08,0.7,0.857143,1.46449,0.01283,25.289989
5,0.085,0.7,0.857143,1.458719,0.012826,25.283108
5,0.09,0.7,0.857143,1.45265,0.012812,25.270206
5,0.095,0.7,0.857143,1.446289,0.012786,25.249893
5,0.1,0.7,0.857143,1.439636,0.012748,25.221474
5,0.105,0.7,0.857143,1.432692,0.012697,25.184834
5,0.11,0.7,0.857143,1.425459,0.012633,25.140385
5,0.115,0.7,0.857143,1.417938,0.012554,25.089249
5,0.12,0.7,0.857143,1.410132,0.012462,25.032906
5,0.125,0.7,0.857143,1.402038,0.012356,24.973324
5,0.13,0.7,0.857143,1.393659,0.012235,24.91259
5,0.135,0.7,0.857143,1.384995,0.012099,24.852711
5,0.14,0.7,0.857143,1.376044,0.01195,24.795277
5,0.145,0.7,0.857143,1.366808,0.011786,24.741398
5,0.15,0.7,0.857143,1.357287,0.011609,24.691845
5,0.155,0.7,0.857143,1.34748,0.011421,24.646763
5,0.16,0.7,0.857143,1.337386,0.011221,24.605991
5,0.165,0.7,0.857143,1.327005,0.011011,24.569088
5,0.17,0.7,0.857143,1.316335,0.010792,24.535427
5,0.175,0.7,0.857143,1.305376,0.010562,24.504234
5,0.18,0.7,0.857143,1.294133,0.010324,24.474941
5,0.185,0.7,0.857143,1.282614,0.010079,24.447247
5,0.19,0.7,0.857143,1.270826,0.009834,24.421055
5,0.195,0.7,0.857143,1.258781,0.009592,24.396503
5,0.2,0.7,0.857143,1.24648,0.009354,24.373535
5,0.205,0.7,0.857143,1.233928,0.009119,24.351761
5,0.21,0.7,0.857143,1.221114,0.008886,24.330784
5,0.215,0.7,0.857143,1.20803,0.008657,24.309612
5,0.22,0.7,0.857143,1.194661,0.008434,24.287403
5,0.225,0.7,0.857143,1.181009,0.008216,24.26342
5,0.23,0.7,0.857143,1.167076,0.008004,24.237453
5,0.235,0.7,0.857143,1.152876,0.007794,24.209854
5,0.24,0.7,0.857143,1.138417,0.007585,24.181595
5,0.245,0.7,0.857143,1.123709,0.007373,24.154152
5,0.25,0.7,0.857143,1.108757,0.007156,24.128819
5,0.255,0.7,0.857143,1.093558,0.006932,24.106712
5,0.26,0.7,0.857143,1.078109,0.0067,24.088554
5,0.265,0.7,0.857143,1.062403,0.006461,24.074833
5,0.27,0.7,0.857143,1.046429,0.006213,24.06617
5,0.275,0.7,0.857143,1.03018,0.005958,24.063396
5,0.28,0.7,0.857143,1.01365,0.005696,24.067532
5,0.285,0.7,0.857143,0.996836,0.00543,24.079575
5,0.29,0.7,0.857143,0.979738,0.005159,24.100372
5,0.295,0.7,0.857143,0.96236,0.004885,24.130486
5,0.3,0.7,0.857143,0.944705,0.004609,24.170662
5,0.305,0.7,0.857143,0.926776,0.004331,24.22205
5,0.31,0.7,0.857143,0.908573,0.004051,24.28669
5,0.315,0.7,0.857143,0.890096,0.003773,24.367867
5,0.32,0.7,0.857143,0.87134,0.003496,24.469952
5,0.325,0.7,0.857143,0.852302,0.003224,24.598099
5,0.33,0.7,0.857143,0.832979,0.002956,24.757477
5,0.335,0.7,0.857143,0.813369,0.002694,24.952888
5,0.34,0.7,0.857143,0.793473,0.002436,25.188118
5,0.345,0.7,0.857143,0.773295,0.002182,25.465485
5,0.35,0.7,0.857143,0.75284,0.001932,25.785931
5,0.355,0.7,0.857143,0.732108,0.001686,26.148666
5,0.36,0.7,0.857143,0.7111,0.001445,26.55162
5,0.365,0.7,0.857143,0.689812,0.001211,26.991379
5,0.37,0.7,0.857143,0.668242,0.000988,27.463745
5,0.375,0.7,0.857143,0.64638,0.000775,27.96386
5,0.38,0.7,0.857143,0.624224,0.000573,28.487137
5,0.385,0.7,0.857143,0.601768,0.000384,29.029644
5,0.39,0.7,0.857143,0.579008,0.000206,29.588757
5,0.395,0.7,0.857143,0.555943,0.000038,30.163528
5,0.4,0.7,0.857143,0.532573,-0.00012,30.754555
5,0.405,0.7,0.857143,0.508895,-0.00027,31.363529
5,0.41,0.7,0.857143,0.484911,-0.000412,31.992172
5,0.415,0.7,0.857143,0.46062,-0.000546,32.641239
5,0.42,0.7,0.857143,0.436023,-0.000674,33.309338
5,0.425,0.7,0.857143,0.411123,-0.000794,33.992188
5,0.43,0.7,0.857143,0.38592,-0.000905,34.682301
5,0.435,0.7,0.857143,0.360412,-0.001009,35.369083
5,0.44,0.7,0.857143,0.334597,-0.001103,36.03981
5,0.445,0.7,0.857143,0.308464,-0.00119,36.680645
5,0.45,0.7,0.857143,0.281999,-0.001271,37.278206
5,0.455,0.7,0.857143,0.255184,-0.001347,37.82053
5,0.46,0.7,0.857143,0.228001,-0.001419,38.298668
5,0.465,0.7,0.857143,0.200435,-0.00149,38.706917
5,0.47,0.7,0.857143,0.172481,-0.001554,39.04332
5,0.475,0.7,0.857143,0.144147,-0.001601,39.309448
5,0.48,0.7,0.857143,0.115449,-0.001608,39.509769
5,0.485,0.7,0.857143,0.086411,-0.001542,39.651085
5,0.49,0.7,0.857143,0.057057,-0.001372,39.741539
5,0.495,0.7,0.857143,0.027428,-0.001128,39.789837
5,0.5,0.7,0.857143,-0.002377,-0.000981,39.804604
5,-0.5,0.8,0.75,-0.000416,0.000318,68.603035
5,-0.495,0.8,0.75,0.02913,-0.000163,68.603241
5,-0.49,0.8,0.75,0.05832,-0.000578,68.608551
5,-0.485,0.8,0.75,0.087176,-0.000842,68.622849
5,-0.48,0.8,0.75,0.115713,-0.000958,68.649818
5,-0.475,0.8,0.75,0.143964,-0.000966,68.69223
5,-0.47,0.8,0.75,0.171974,-0.000905,68.751564
5,-0.465,0.8,0.75,0.199773,-0.000806,68.828293
5,-0.46,0.8,0.75,0.227375,-0.00069,68.921867
5,-0.455,0.8,0.75,0.254778,-0.000566,69.030914
5,-0.45,0.8,0.75,0.281973,-0.000438,69.153267
5,-0.445,0.8,0.75,0.308949,-0.000303,69.285675
5,-0.44,0.8,0.75,0.335697,-0.000159,69.424133
5,-0.435,0.8,0.75,0.36221,-0.000002,69.564064
5,-0.43,0.8,0.75,0.388479,0.000172,69.700699
5,-0.425,0.8,0.75,0.4145,0.000365,69.829826
5,-0.42,0.8,0.75,0.440272,0.000578,69.948112
5,-0.415,0.8,0.75,0.46579,0.00081,70.053284
5,-0.41,0.8,0.75,0.491052,0.001061,70.143845
5,-0.405,0.8,0.75,0.516055,0.001327,70.219025
5,-0.4,0.8,0.75,0.540794,0.001606,70.277992
5,-0.395,0.8,0.75,0.565268,0.001895,70.319725
5,-0.39,0.8,0.75,0.589471,0.002191,70.342514
5,-0.385,0.8,0.75,0.613399,0.002492,70.344238
5,-0.38,0.8,0.75,0.637052,0.002796,70.322426
5,-0.375,0.8,0.75,0.660426,0.0031,70.274414
5,-0.37,0.8,0.75,0.683522,0.003405,70.197861
5,-0.365,0.8,0.75,0.706341,0.003709,70.090477
5,-0.36,0.8,0.75,0.728886,0.004011,69.950226
5,-0.355,0.8,0.75,0.751157,0.004313,69.774872
5,-0.35,0.8,0.75,0.773158,0.004615,69.561394
5,-0.345,0.8,0.75,0.794891,0.004917,69.305992
5,-0.34,0.8,0.75,0.816356,0.005219,69.003281
5,-0.335,0.8,0.75,0.83755,0.005523,68.646896
5,-0.33,0.8,0.75,0.858469,0.00583,68.229561
5,-0.325,0.8,0.75,0.879111,0.006139,67.74369
5,-0.32,0.8,0.75,0.899469,0.006452,67.181839
5,-0.315,0.8,0.75,0.919535,0.006768,66.537239
5,-0.31,0.8,0.75,0.939305,0.007089,65.804031
5,-0.305,0.8,0.75,0.958773,0.007415,64.976967
5,-0.3,0.8,0.75,0.977936,0.007746,64.051537
5,-0.295,0.8,0.75,0.996793,0.008083,63.023975
5,-0.29,0.8,0.75,1.015342,0.008427,61.89188
5,-0.285,0.8,0.75,1.033585,0.008778,60.655308
5,-0.28,0.8,0.75,1.051522,0.009136,59.318008
5,-0.275,0.8,0.75,1.069156,0.009503,57.888111
5,-0.27,0.8,0.75,1.086483,0.009879,56.378082
5,-0.265,0.8,0.75,1.103503,0.010265,54.803696
5,-0.26,0.8,0.75,1.120213,0.010662,53.182125
5,-0.255,0.8,0.75,1.136612,0.011068,51.530006
5,-0.25,0.8,0.75,1.152696,0.011485,49.862244
5,-0.245,0.8,0.75,1.16846,0.011911,48.190742
5,-0.24,0.8,0.75,1.183903,0.012348,46.524994
5,-0.235,0.8,0.75,1.199024,0.012795,44.872314
5,-0.23,0.8,0.75,1.213821,0.01325,43.238728
5,-0.225,0.8,0.75,1.228293,0.013714,41.630081
5,-0.22,0.8,0.75,1.24244,0.014186,40.052567
5,-0.215,0.8,0.75,1.256265,0.014665,38.513374
5,-0.21,0.8,0.75,1.269766,0.01515,37.020966
5,-0.205,0.8,0.75,1.282945,0.01564,35.584515
5,-0.2,0.8,0.75,1.2958,0.016135,34.213264
5,-0.195,0.8,0.75,1.308329,0.016632,32.915436
5,-0.19,0.8,0.75,1.32053,0.01713,31.697582
5,-0.185,0.8,0.75,1.332402,0.017629,30.563869
5,-0.18,0.8,0.75,1.343942,0.018126,29.516209
5,-0.175,0.8,0.75,1.355144,0.018621,28.554699
5,-0.17,0.8,0.75,1.366009,0.019111,27.678307
5,-0.165,0.8,0.75,1.376531,0.019594,26.88554
5,-0.16,0.8,0.75,1.386707,0.020071,26.174568
5,-0.155,0.8,0.75,1.396538,0.020539,25.543552
5,-0.15,0.8,0.75,1.406014,0.020998,24.990173
5,-0.145,0.8,0.75,1.41514,0.021447,24.511566
5,-0.14,0.8,0.75,1.423911,0.021886,24.104179
5,-0.135,0.8,0.75,1.432327,0.022315,23.763783
5,-0.13,0.8,0.75,1.440387,0.022734,23.485817
5,-0.125,0.8,0.75,1.448089,0.023145,23.265778
5,-0.12,0.8,0.75,1.455434,0.023546,23.099464
5,-0.115,0.8,0.75,1.462422,0.02394,22.982895
5,-0.11,0.8,0.75,1.469054,0.024327,22.912651
5,-0.105,0.8,0.75,1.475326,0.024708,22.885262
5,-0.1,0.8,0.75,1.481243,0.025083,22.896973
5,-0.095,0.8,0.75,1.486798,0.025453,22.943356
5,-0.09,0.8,0.75,1.491995,0.025818,23.019035
5,-0.085,0.8,0.75,1.496827,0.026177,23.118031
5,-0.08,0.8,0.75,1.5013,0.02653,23.233841
5,-0.075,0.8,0.75,1.505405,0.026877,23.360336
5,-0.07,0.8,0.75,1.509147,0.027215,23.492207
5,-0.065,0.8,0.75,1.51252,0.027545,23.625179
5,-0.06,0.8,0.75,1.51553,0.027864,23.755898
5,-0.055,0.8,0.75,1.518173,0.028172,23.881676
5,-0.05,0.8,0.75,1.52045,0.028468,23.999744
5,-0.045,0.8,0.75,1.522366,0.028751,24.107288
5,-0.04,0.8,0.75,1.523922,0.029019,24.200695
5,-0.035,0.8,0.75,1.52512,0.029272,24.276543
5,-0.03,0.8,0.75,1.525962,0.029509,24.331867
5,-0.025,0.8,0.75,1.52645,0.029731,24.365013
5,-0.02,0.8,0.75,1.526586,0.029936,24.376167
5,-0.015,0.8,0.75,1.526374,0.030125,24.367733
5,-0.01,0.8,0.75,1.525813,0.030297,24.343555
5,-0.005,0.8,0.75,1.524905,0.030453,24.308308
5,0,0.8,0.75,1.523654,0.030592,24.266884
5,0.005,0.8,0.75,1.522059,0.030714,24.223686
5,0.01,0.8,0.75,1.520123,0.030821,24.182423
5,0.015,0.8,0.75,1.517846,0.030911,24.146225
5,0.02,0.8,0.75,1.515232,0.030987,24.117245
5,0.025,0.8,0.75,1.51228,0.031048,24.096985
5,0.03,0.8,0.75,1.508996,0.031094,24.086014
5,0.035,0.8,0.75,1.505378,0.031126,24.083969
5,0.04,0.8,0.75,1.501428,0.031145,24.089844
5,0.045,0.8,0.75,1.497151,0.03115,24.102127
5,0.05,0.8,0.75,1.492548,0.031142,24.119144
5,0.055,0.8,0.75,1.487621,0.03112,24.138676
5,0.06,0.8,0.75,1.482373,0.031084,24.158321
5,0.065,0.8,0.75,1.476807,0.031034,24.17498
5,0.07,0.8,0.75,1.470922,0.030969,24.185795
5,0.075,0.8,0.75,1.464721,0.030889,24.1884
5,0.08,0.8,0.75,1.458205,0.030795,24.182209
5,0.085,0.8,0.75,1.451373,0.030686,24.168644
5,0.09,0.8,0.75,1.444231,0.030562,24.151234
5,0.095,0.8,0.75,1.436778,0.030425,24.134636
5,0.1,0.8,0.75,1.429019,0.030276,24.123604
5,0.105,0.8,0.75,1.420957,0.030114,24.121338
5,0.11,0.8,0.75,1.4126,0.029941,24.128906
5,0.115,0.8,0.75,1.403955,0.029757,24.144905
5,0.12,0.8,0.75,1.39503,0.029564,24.166615
5,0.125,0.8,0.75,1.385834,0.029361,24.190845
5,0.13,0.8,0.75,1.376372,0.029146,24.215378
5,0.135,0.8,0.75,1.366651,0.028921,24.239315
5,0.14,0.8,0.75,1.356678,0.028682,24.263386
5,0.145,0.8,0.75,1.346453,0.028427,24.289444
5,0.15,0.8,0.75,1.335979,0.028156,24.319633
5,0.155,0.8,0.75,1.325249,0.027867,24.355778
5,0.16,0.8,0.75,1.314262,0.027561,24.398766
5,0.165,0.8,0.75,1.30301,0.027239,24.448254
5,0.17,0.8,0.75,1.291495,0.026903,24.502636
5,0.175,0.8,0.75,1.279717,0.026556,24.559319
5,0.18,0.8,0.75,1.267677,0.026198,24.615387
5,0.185,0.8,0.75,1.255383,0.025832,24.668186
5,0.19,0.8,0.75,1.24284,0.02546,24.716053
5,0.195,0.8,0.75,1.230056,0.02508,24.758427
5,0.2,0.8,0.75,1.217038,0.024694,24.795971
5,0.205,0.8,0.75,1.203791,0.0243,24.830044
5,0.21,0.8,0.75,1.190319,0.023896,24.862125
5,0.215,0.8,0.75,1.176626,0.023482,24.893154
5,0.22,0.8,0.75,1.162718,0.023054,24.923149
5,0.225,0.8,0.75,1.148596,0.022612,24.950691
5,0.23,0.8,0.75,1.134267,0.022153,24.973511
5,0.235,0.8,0.75,1.119732,0.021677,24.988327
5,0.24,0.8,0.75,1.104995,0.021182,24.991943
5,0.245,0.8,0.75,1.090055,0.02067,24.981476
5,0.25,0.8,0.75,1.07491,0.020141,24.955135
5,0.255,0.8,0.75,1.059553,0.019595,24.912598
5,0.26,0.8,0.75,1.043972,0.019035,24.855282
5,0.265,0.8,0.75,1.028155,0.018463,24.786224
5,0.27,0.8,0.75,1.012095,0.017881,24.709824
5,0.275,0.8,0.75,0.99579,0.017293,24.631268
5,0.28,0.8,0.75,0.97925,0.016705,24.55595
5,0.285,0.8,0.75,0.962493,0.016123,24.488808
5,0.29,0.8,0.75,0.945535,0.015548,24.433968
5,0.295,0.8,0.75,0.928377,0.014982,24.394508
5,0.3,0.8,0.75,0.911001,0.014422,24.372616
5,0.305,0.8,0.75,0.893376,0.013861,24.369907
5,0.31,0.8,0.75,0.875481,0.013294,24.388161
5,0.315,0.8,0.75,0.857311,0.012714,24.429523
5,0.32,0.8,0.75,0.838881,0.012116,24.496647
5,0.325,0.8,0.75,0.820203,0.011498,24.592522
5,0.33,0.8,0.75,0.801285,0.01086,24.719795
5,0.335,0.8,0.75,0.782129,0.010202,24.880367
5,0.34,0.8,0.75,0.762727,0.009528,25.074623
5,0.345,0.8,0.75,0.74307,0.008843,25.301159
5,0.35,0.8,0.75,0.723153,0.008155,25.556515
5,0.355,0.8,0.75,0.702967,0.007469,25.835609
5,0.36,0.8,0.75,0.682514,0.006796,26.131935
5,0.365,0.8,0.75,0.661794,0.00614,26.438301
5,0.37,0.8,0.75,0.640809,0.005509,26.747494
5,0.375,0.8,0.75,0.619562,0.004908,27.053082
5,0.38,0.8,0.75,0.598052,0.004338,27.349937
5,0.385,0.8,0.75,0.576276,0.003801,27.63456
5,0.39,0.8,0.75,0.554227,0.003297,27.904858
5,0.395,0.8,0.75,0.531898,0.002824,28.159588
5,0.4,0.8,0.75,0.509281,0.00238,28.398033
5,0.405,0.8,0.75,0.486372,0.001966,28.619556
5,0.41,0.8,0.75,0.463168,0.001578,28.823463
5,0.415,0.8,0.75,0.43967,0.001218,29.009926
5,0.42,0.8,0.75,0.415884,0.000885,29.180161
5,0.425,0.8,0.75,0.391816,0.000581,29.337074
5,0.43,0.8,0.75,0.36747,0.000308,29.484787
5,0.435,0.8,0.75,0.342852,0.000066,29.628216
5,0.44,0.8,0.75,0.317959,-0.000143,29.771782
5,0.445,0.8,0.75,0.292795,-0.000317,29.918633
5,0.45,0.8,0.75,0.26736,-0.000456,30.069881
5,0.455,0.8,0.75,0.241659,-0.000558,30.22451
5,0.46,0.8,0.75,0.215698,-0.000616,30.379463
5,0.465,0.8,0.75,0.189489,-0.000624,30.53027
5,0.47,0.8,0.75,0.163043,-0.000571,30.671543
5,0.475,0.8,0.75,0.136379,-0.000447,30.798058
5,0.48,0.8,0.75,0.109514,-0.000246,30.905159
5,0.485,0.8,0.75,0.082464,0.000025,30.989449
5,0.49,0.8,0.75,0.05523,0.000312,31.048962
5,0.495,0.8,0.75,0.027802,0.000452,31.083431
5,0.5,0.8,0.75,0.000198,0.000046,31.094162
5,-0.5,0.9,0.666667,0.003237,-0.001058,67.598206
5,-0.495,0.9,0.666667,0.033195,-0.002058,67.577728
5,-0.49,0.9,0.666667,0.062816,-0.002658,67.52253
5,-0.485,0.9,0.666667,0.092103,-0.003222,67.446617
5,-0.48,0.9,0.666667,0.120895,-0.003763,67.364632
5,-0.475,0.9,0.666667,0.149151,-0.004253,67.289825
5,-0.47,0.9,0.666667,0.176904,-0.004678,67.232193
5,-0.465,0.9,0.666667,0.20421,-0.005038,67.19751
5,-0.46,0.9,0.666667,0.231118,-0.005344,67.187531
5,-0.455,0.9,0.666667,0.257668,-0.005611,67.200577
5,-0.45,0.9,0.666667,0.283889,-0.005854,67.232872
5,-0.445,0.9,0.666667,0.309793,-0.006085,67.279457
5,-0.44,0.9,0.666667,0.335386,-0.006312,67.334862
5,-0.435,0.9,0.666667,0.360668,-0.00654,67.39357
5,-0.43,0.9,0.666667,0.385637,-0.006774,67.450424
5,-0.425,0.9,0.666667,0.410292,-0.007014,67.501152
5,-0.42,0.9,0.666667,0.434633,-0.007263,67.542778
5,-0.415,0.9,0.666667,0.45866,-0.007519,67.574165
5,-0.41,0.9,0.666667,0.482376,-0.007783,67.596008
5,-0.405,0.9,0.666667,0.505786,-0.008054,67.610397
5,-0.4,0.9,0.666667,0.528892,-0.00833,67.620338
5,-0.395,0.9,0.666667,0.551701,-0.00861,67.628868
5,-0.39,0.9,0.666667,0.574217,-0.008893,67.638397
5,-0.385,0.9,0.666667,0.596447,-0.009178,67.650284
5,-0.38,0.9,0.666667,0.618396,-0.009462,67.66468
5,-0.375,0.9,0.666667,0.64007,-0.009745,67.680962
5,-0.37,0.9,0.666667,0.661472,-0.010025,67.698021
5,-0.365,0.9,0.666667,0.682606,-0.010302,67.714859
5,-0.36,0.9,0.666667,0.703472,-0.010575,67.731026
5,-0.355,0.9,0.666667,0.724071,-0.010843,67.747055
5,-0.35,0.9,0.666667,0.744397,-0.011105,67.764198
5,-0.345,0.9,0.666667,0.764446,-0.011362,67.7845
5,-0.34,0.9,0.666667,0.784216,-0.011613,67.810204
5,-0.335,0.9,0.666667,0.803704,-0.011857,67.843811
5,-0.33,0.9,0.666667,0.822909,-0.012093,67.887413
5,-0.325,0.9,0.666667,0.841835,-0.012321,67.942955
5,-0.32,0.9,0.666667,0.860489,-0.01254,68.012016
5,-0.315,0.9,0.666667,0.878873,-0.012749,68.095901
5,-0.31,0.9,0.666667,0.897,-0.012947,68.195305
5,-0.305,0.9,0.666667,0.914874,-0.013133,68.310524
5,-0.3,0.9,0.666667,0.932502,-0.013306,68.441208
5,-0.295,0.9,0.666667,0.949885,-0.013468,68.586617
5,-0.29,0.9,0.666667,0.967026,-0.013617,68.745705
5,-0.285,0.9,0.666667,0.983925,-0.013755,68.917671
5,-0.28,0.9,0.666667,1.000581,-0.013883,69.102669
5,-0.275,0.9,0.666667,1.016994,-0.014004,69.301903
5,-0.27,0.9,0.666667,1.03316,-0.01412,69.518021
5,-0.265,0.9,0.666667,1.049084,-0.014232,69.755035
5,-0.26,0.9,0.666667,1.064761,-0.014343,70.017685
5,-0.255,0.9,0.666667,1.080199,-0.014456,70.310844
5,-0.25,0.9,0.666667,1.095394,-0.014573,70.638847
5,-0.245,0.9,0.666667,1.110352,-0.014695,71.004814
5,-0.24,0.9,0.666667,1.12507,-0.014823,71.410133
5,-0.235,0.9,0.666667,1.13955,-0.014958,71.853928
5,-0.23,0.9,0.666667,1.153791,-0.0151,72.333107
5,-0.225,0.9,0.666667,1.167791,-0.01525,72.842361
5,-0.22,0.9,0.666667,1.181545,-0.015406,73.374886
5,-0.215,0.9,0.666667,1.19505,-0.015566,73.923363
5,-0.21,0.9,0.666667,1.2083,-0.015731,74.480621
5,-0.205,0.9,0.666667,1.22129,-0.015897,75.040504
5,-0.2,0.9,0.666667,1.234015,-0.016064,75.598175
5,-0.195,0.9,0.666667,1.24647,-0.016229,76.149994
5,-0.19,0.9,0.666667,1.258651,-0.016391,76.693176
5,-0.185,0.9,0.666667,1.270556,-0.016547,77.225395
5,-0.18,0.9,0.666667,1.282182,-0.016697,77.744972
5,-0.175,0.9,0.666667,1.29353,-0.016838,78.250786
5,-0.17,0.9,0.666667,1.304597,-0.01697,78.742943
5,-0.165,0.9,0.666667,1.315388,-0.017091,79.222176
5,-0.16,0.9,0.666667,1.325901,-0.017202,79.689522
5,-0.155,0.9,0.666667,1.336141,-0.017301,80.144661
5,-0.15,0.9,0.666667,1.346107,-0.017388,80.585236
5,-0.145,0.9,0.666667,1.355803,-0.017463,81.005341
5,-0.14,0.9,0.666667,1.36523,-0.017527,81.3955
5,-0.135,0.9,0.666667,1.374391,-0.017579,81.743309
5,-0.13,0.9,0.666667,1.383283,-0.017621,82.034241
5,-0.125,0.9,0.666667,1.391909,-0.017652,82.253479
5,-0.12,0.9,0.666667,1.400266,-0.017674,82.387169
5,-0.115,0.9,0.666667,1.40835,-0.017686,82.422485
5,-0.11,0.9,0.666667,1.416163,-0.017689,82.348717
5,-0.105,0.9,0.666667,1.423697,-0.017685,82.156044
5,-0.1,0.9,0.666667,1.43095,-0.017672,81.835823
5,-0.095,0.9,0.666667,1.437915,-0.017653,81.379181
5,-0.09,0.9,0.666667,1.44459,-0.017628,80.776627
5,-0.085,0.9,0.666667,1.450971,-0.017597,80.017433
5,-0.08,0.9,0.666667,1.457054,-0.01756,79.089195
5,-0.075,0.9,0.666667,1.462836,-0.017518,77.97908
5,-0.07,0.9,0.666667,1.468313,-0.017471,76.67498
5,-0.065,0.9,0.666667,1.473486,-0.01742,75.168091
5,-0.06,0.9,0.666667,1.47835,-0.017365,73.454803
5,-0.055,0.9,0.666667,1.482905,-0.017305,71.538895
5,-0.05,0.9,0.666667,1.487148,-0.017241,69.432732
5,-0.045,0.9,0.666667,1.491081,-0.017173,67.15657
5,-0.04,0.9,0.666667,1.494696,-0.0171,64.736946
5,-0.035,0.9,0.666667,1.497996,-0.017022,62.20472
5,-0.03,0.9,0.666667,1.500977,-0.016938,59.592445
5,-0.025,0.9,0.666667,1.503636,-0.016849,56.932789
5,-0.02,0.9,0.666667,1.505974,-0.016754,54.257915
5,-0.015,0.9,0.666667,1.507984,-0.016653,51.599358
5,-0.01,0.9,0.666667,1.509668,-0.016543,48.987896
5,-0.005,0.9,0.666667,1.511016,-0.016426,46.453476
5,0,0.9,0.666667,1.512037,-0.016301,44.023605
5,0.005,0.9,0.666667,1.512722,-0.016166,41.721886
5,0.01,0.9,0.666667,1.513073,-0.016021,39.566193
5,0.015,0.9,0.666667,1.51309,-0.015867,37.567688
5,0.02,0.9,0.666667,1.512773,-0.015701,35.731087
5,0.025,0.9,0.666667,1.512123,-0.015525,34.055614
5,0.03,0.9,0.666667,1.51114,-0.015338,32.537178
5,0.035,0.9,0.666667,1.509827,-0.015139,31.170029
5,0.04,0.9,0.666667,1.508185,-0.014929,29.947994
5,0.045,0.9,0.666667,1.506214,-0.014708,28.864838
5,0.05,0.9,0.666667,1.503916,-0.014475,27.914146
5,0.055,0.9,0.666667,1.501292,-0.014231,27.089039
5,0.06,0.9,0.666667,1.498339,-0.013977,26.381599
5,0.065,0.9,0.666667,1.495059,-0.013712,25.782944
5,0.07,0.9,0.666667,1.491446,-0.013437,25.28331
5,0.075,0.9,0.666667,1.487503,-0.013154,24.87252
5,0.08,0.9,0.666667,1.483224,-0.012863,24.540489
5,0.085,0.9,0.666667,1.47861,-0.012564,24.277565
5,0.09,0.9,0.666667,1.473655,-0.012259,24.074829
5,0.095,0.9,0.666667,1.468361,-0.01195,23.924309
5,0.1,0.9,0.666667,1.462724,-0.011636,23.818874
5,0.105,0.9,0.666667,1.456745,-0.011318,23.752415
5,0.11,0.9,0.666667,1.450425,-0.010997,23.719654
5,0.115,0.9,0.666667,1.443764,-0.010673,23.715775
5,0.12,0.9,0.666667,1.436764,-0.010345,23.736519
5,0.125,0.9,0.666667,1.429426,-0.010015,23.777412
5,0.13,0.9,0.666667,1.421752,-0.009681,23.833702
5,0.135,0.9,0.666667,1.413744,-0.009342,23.900318
5,0.14,0.9,0.666667,1.405402,-0.008999,23.97192
5,0.145,0.9,0.666667,1.396729,-0.008651,24.0434
5,0.15,0.9,0.666667,1.387723,-0.008298,24.110031
5,0.155,0.9,0.666667,1.378387,-0.00794,24.167725
5,0.16,0.9,0.666667,1.368719,-0.007578,24.213142
5,0.165,0.9,0.666667,1.358722,-0.007214,24.244133
5,0.17,0.9,0.666667,1.34839,-0.00685,24.259457
5,0.175,0.9,0.666667,1.337731,-0.006486,24.25967
5,0.18,0.9,0.666667,1.326745,-0.006125,24.246861
5,0.185,0.9,0.666667,1.315436,-0.005768,24.224487
5,0.19,0.9,0.666667,1.303808,-0.005417,24.196533
5,0.195,0.9,0.666667,1.291867,-0.005072,24.166496
5,0.2,0.9,0.666667,1.279616,-0.004735,24.136555
5,0.205,0.9,0.666667,1.267062,-0.004404,24.107208
5,0.21,0.9,0.666667,1.254206,-0.004079,24.077648
5,0.215,0.9,0.666667,1.24105,-0.00376,24.046185
5,0.22,0.9,0.666667,1.227596,-0.003446,24.011345
5,0.225,0.9,0.666667,1.213842,-0.003135,23.972118
5,0.23,0.9,0.666667,1.199782,-0.002828,23.928555
5,0.235,0.9,0.666667,1.185414,-0.002523,23.881779
5,0.24,0.9,0.666667,1.17073,-0.002219,23.833836
5,0.245,0.9,0.666667,1.155726,-0.001916,23.787594
5,0.25,0.9,0.666667,1.140398,-0.001613,23.746456
5,0.255,0.9,0.666667,1.124746,-0.001311,23.714073
5,0.26,0.9,0.666667,1.108768,-0.00101,23.693722
5,0.265,0.9,0.666667,1.092469,-0.00071,23.687695
5,0.27,0.9,0.666667,1.075854,-0.000412,23.697105
5,0.275,0.9,0.666667,1.05893,-0.000118,23.721455
5,0.28,0.9,0.666667,1.041706,0.000171,23.758984
5,0.285,0.9,0.666667,1.024192,0.000452,23.807117
5,0.29,0.9,0.666667,1.0064,0.000721,23.863091
5,0.295,0.9,0.666667,0.988337,0.000977,23.924664
5,0.3,0.9,0.666667,0.97001,0.001216,23.990631
5,0.305,0.9,0.666667,0.95143,0.001433,24.061165
5,0.31,0.9,0.666667,0.932593,0.001626,24.13768
5,0.315,0.9,0.666667,0.913499,0.001793,24.222668
5,0.32,0.9,0.666667,0.89414,0.001932,24.318668
5,0.325,0.9,0.666667,0.874505,0.002041,24.427597
5,0.33,0.9,0.666667,0.854579,0.002123,24.550091
5,0.335,0.9,0.666667,0.83435,0.002177,24.685253
5,0.34,0.9,0.666667,0.813803,0.002206,24.830822
5,0.345,0.9,0.666667,0.792936,0.002213,24.984158
5,0.35,0.9,0.666667,0.771746,0.002201,25.143055
5,0.355,0.9,0.666667,0.750237,0.002171,25.306789
5,0.36,0.9,0.666667,0.728409,0.002124,25.476303
5,0.365,0.9,0.666667,0.706261,0.002056,25.654133
5,0.37,0.9,0.666667,0.683787,0.001966,25.843666
5,0.375,0.9,0.666667,0.660985,0.001849,26.048691
5,0.38,0.9,0.666667,0.637869,0.001705,26.272804
5,0.385,0.9,0.666667,0.614465,0.001535,26.518967
5,0.39,0.9,0.666667,0.5908,0.001344,26.789494
5,0.395,0.9,0.666667,0.566887,0.001138,27.085743
5,0.4,0.9,0.666667,0.54272,0.000922,27.408001
5,0.405,0.9,0.666667,0.518269,0.000697,27.755341
5,0.41,0.9,0.666667,0.493503,0.000463,28.125542
5,0.415,0.9,0.666667,0.468393,0.000217,28.515305
5,0.42,0.9,0.666667,0.442922,-0.000047,28.920509
5,0.425,0.9,0.666667,0.417083,-0.000329,29.337017
5,0.43,0.9,0.666667,0.390879,-0.000632,29.760868
5,0.435,0.9,0.666667,0.364324,-0.000953,30.188824
5,0.44,0.9,0.666667,0.33744,-0.001287,30.61797
5,0.445,0.9,0.666667,0.31026,-0.001624,31.045025
5,0.45,0.9,0.666667,0.28282,-0.001951,31.465233
5,0.455,0.9,0.666667,0.255164,-0.002253,31.871567
5,0.46,0.9,0.666667,0.227334,-0.002506,32.254398
5,0.465,0.9,0.666667,0.199363,-0.002683,32.602245
5,0.47,0.9,0.666667,0.171274,-0.002745,32.903465
5,0.475,0.9,0.666667,0.143072,-0.002644,33.148449
5,0.48,0.9,0.666667,0.114736,-0.002336,33.331905
5,0.485,0.9,0.666667,0.086212,-0.001848,33.454475
5,0.49,0.9,0.666667,0.057417,-0.001419,33.523357
5,0.495,0.9,0.666667,0.028299,-0.001605,33.551605
5,0.5,0.9,0.666667,-0.00126,-0.003008,33.556881
